Time,01/01/2025    EAST  ,01/01/2025    NORTH  ,01/01/2025    SOUTH  ,01/01/2025    WEST  ,01/02/2025    EAST  ,01/02/2025    NORTH  ,01/02/2025 SOUTH,01/02/2025 WEST,01/03/2025 EAST,01/03/2025 NORTH,01/03/2025 SOUTH,01/03/2025 WEST,01/04/2025 EAST,01/04/2025 NORTH,01/04/2025 SOUTH,01/04/2025 WEST,01/05/2025 EAST,01/05/2025 NORTH,01/05/2025 SOUTH,01/05/2025 WEST,01/06/2025 EAST,01/06/2025 NORTH,01/06/2025 SOUTH,01/06/2025 WEST,01/07/2025 EAST,01/07/2025 NORTH,01/07/2025 SOUTH,01/07/2025 WEST,01/08/2025 EAST,01/08/2025 NORTH,01/08/2025 SOUTH,01/08/2025 WEST,01/09/2025 EAST,01/09/2025 NORTH,01/09/2025 SOUTH,01/09/2025 WEST,01/10/2025 EAST,01/10/2025 NORTH,01/10/2025 SOUTH,01/10/2025 WEST,01/11/2025 EAST,01/11/2025 NORTH,01/11/2025 SOUTH,01/11/2025 WEST,01/12/2025 EAST,01/12/2025 NORTH,01/12/2025 SOUTH,01/12/2025 WEST,01/13/2025 EAST,01/13/2025 NORTH,01/13/2025 SOUTH,01/13/2025 WEST,01/14/2025 EAST,01/14/2025 NORTH,01/14/2025 SOUTH,01/14/2025 WEST,01/15/2025 EAST,01/15/2025 NORTH,01/15/2025 SOUTH,01/15/2025 WEST,01/16/2025 EAST,01/16/2025 NORTH,01/16/2025 SOUTH,01/16/2025 WEST,01/17/2025 EAST,01/17/2025 NORTH,01/17/2025 SOUTH,01/17/2025 WEST,01/18/2025 EAST,01/18/2025 NORTH,01/18/2025 SOUTH,01/18/2025 WEST,01/19/2025 EAST,01/19/2025 NORTH,01/19/2025 SOUTH,01/19/2025 WEST,01/20/2025 EAST,01/20/2025 NORTH,01/20/2025 SOUTH,01/20/2025 WEST,01/21/2025 EAST,01/21/2025 NORTH,01/21/2025 SOUTH,01/21/2025 WEST,01/22/2025 EAST,01/22/2025 NORTH,01/22/2025 SOUTH,01/22/2025 WEST,01/23/2025 EAST,01/23/2025 NORTH,01/23/2025 SOUTH,01/23/2025 WEST,01/24/2025 EAST,01/24/2025 NORTH,01/24/2025 SOUTH,01/24/2025 WEST,01/25/2025 EAST,01/25/2025 NORTH,01/25/2025 SOUTH,01/25/2025 WEST,01/26/2025 EAST,01/26/2025 NORTH,01/26/2025 SOUTH,01/26/2025 WEST,01/27/2025 EAST,01/27/2025 NORTH,01/27/2025 SOUTH,01/27/2025 WEST,01/28/2025 EAST,01/28/2025 NORTH,01/28/2025 SOUTH,01/28/2025 WEST,01/29/2025 EAST,01/29/2025 NORTH,01/29/2025 SOUTH,01/29/2025 WEST,01/30/2025 EAST,01/30/2025 NORTH,01/30/2025 SOUTH,01/30/2025 WEST,01/31/2025 EAST,01/31/2025 NORTH,01/31/2025 SOUTH,01/31/2025 WEST,02/01/2025 EAST,02/01/2025 NORTH,02/01/2025 SOUTH,02/01/2025 WEST,02/02/2025 EAST,02/02/2025 NORTH,02/02/2025 SOUTH,02/02/2025 WEST,02/03/2025 EAST,02/03/2025 NORTH,02/03/2025 SOUTH,02/03/2025 WEST,02/04/2025 EAST,02/04/2025 NORTH,02/04/2025 SOUTH,02/04/2025 WEST,02/05/2025 EAST,02/05/2025 NORTH,02/05/2025 SOUTH,02/05/2025 WEST,02/06/2025 EAST,02/06/2025 NORTH,02/06/2025 SOUTH,02/06/2025 WEST,02/07/2025 EAST,02/07/2025 NORTH,02/07/2025 SOUTH,02/07/2025 WEST,02/08/2025 EAST,02/08/2025 NORTH,02/08/2025 SOUTH,02/08/2025 WEST,02/09/2025 EAST,02/09/2025 NORTH,02/09/2025 SOUTH,02/09/2025 WEST,02/10/2025 EAST,02/10/2025 NORTH,02/10/2025 SOUTH,02/10/2025 WEST,02/11/2025 EAST,02/11/2025 NORTH,02/11/2025 SOUTH,02/11/2025 WEST,02/12/2025 EAST,02/12/2025 NORTH,02/12/2025 SOUTH,02/12/2025 WEST,02/13/2025 EAST,02/13/2025 NORTH,02/13/2025 SOUTH,02/13/2025 WEST,02/14/2025 EAST,02/14/2025 NORTH,02/14/2025 SOUTH,02/14/2025 WEST,02/15/2025 EAST,02/15/2025 NORTH,02/15/2025 SOUTH,02/15/2025 WEST,02/16/2025 EAST,02/16/2025 NORTH,02/16/2025 SOUTH,02/16/2025 WEST,02/17/2025 EAST,02/17/2025 NORTH,02/17/2025 SOUTH,02/17/2025 WEST,02/18/2025 EAST,02/18/2025 NORTH,02/18/2025 SOUTH,02/18/2025 WEST,02/19/2025 EAST,02/19/2025 NORTH,02/19/2025 SOUTH,02/19/2025 WEST,02/20/2025 EAST,02/20/2025 NORTH,02/20/2025 SOUTH,02/20/2025 WEST,02/21/2025 EAST,02/21/2025 NORTH,02/21/2025 SOUTH,02/21/2025 WEST,02/22/2025 EAST,02/22/2025 NORTH,02/22/2025 SOUTH,02/22/2025 WEST,02/23/2025 EAST,02/23/2025 NORTH,02/23/2025 SOUTH,02/23/2025 WEST,02/24/2025 EAST,02/24/2025 NORTH,02/24/2025 SOUTH,02/24/2025 WEST,02/25/2025 EAST,02/25/2025 NORTH,02/25/2025 SOUTH,02/25/2025 WEST,02/26/2025 EAST,02/26/2025 NORTH,02/26/2025 SOUTH,02/26/2025 WEST,02/27/2025 EAST,02/27/2025 NORTH,02/27/2025 SOUTH,02/27/2025 WEST,02/28/2025 EAST,02/28/2025 NORTH,02/28/2025 SOUTH,02/28/2025 WEST,03/01/2025 EAST,03/01/2025 NORTH,03/01/2025 SOUTH,03/01/2025 WEST,03/02/2025 EAST,03/02/2025 NORTH,03/02/2025 SOUTH,03/02/2025 WEST,03/03/2025 EAST,03/03/2025 NORTH,03/03/2025 SOUTH,03/03/2025 WEST,03/04/2025 EAST,03/04/2025 NORTH,03/04/2025 SOUTH,03/04/2025 WEST,03/05/2025 EAST,03/05/2025 NORTH,03/05/2025 SOUTH,03/05/2025 WEST,03/06/2025 EAST,03/06/2025 NORTH,03/06/2025 SOUTH,03/06/2025 WEST,03/07/2025 EAST,03/07/2025 NORTH,03/07/2025 SOUTH,03/07/2025 WEST,03/08/2025 EAST,03/08/2025 NORTH,03/08/2025 SOUTH,03/08/2025 WEST,03/09/2025 EAST,03/09/2025 NORTH,03/09/2025 SOUTH,03/09/2025 WEST,03/10/2025 EAST,03/10/2025 NORTH,03/10/2025 SOUTH,03/10/2025 WEST,03/11/2025 EAST,03/11/2025 NORTH,03/11/2025 SOUTH,03/11/2025 WEST,03/12/2025 EAST,03/12/2025 NORTH,03/12/2025 SOUTH,03/12/2025 WEST,03/13/2025 EAST,03/13/2025 NORTH,03/13/2025 SOUTH,03/13/2025 WEST,03/14/2025 EAST,03/14/2025 NORTH,03/14/2025 SOUTH,03/14/2025 WEST,03/15/2025 EAST,03/15/2025 NORTH,03/15/2025 SOUTH,03/15/2025 WEST,03/16/2025 EAST,03/16/2025 NORTH,03/16/2025 SOUTH,03/16/2025 WEST,03/17/2025 EAST,03/17/2025 NORTH,03/17/2025 SOUTH,03/17/2025 WEST,03/18/2025 EAST,03/18/2025 NORTH,03/18/2025 SOUTH,03/18/2025 WEST,03/19/2025 EAST,03/19/2025 NORTH,03/19/2025 SOUTH,03/19/2025 WEST,03/20/2025 EAST,03/20/2025 NORTH,03/20/2025 SOUTH,03/20/2025 WEST,03/21/2025 EAST,03/21/2025 NORTH,03/21/2025 SOUTH,03/21/2025 WEST,03/22/2025 EAST,03/22/2025 NORTH,03/22/2025 SOUTH,03/22/2025 WEST,03/23/2025 EAST,03/23/2025 NORTH,03/23/2025 SOUTH,03/23/2025 WEST,03/24/2025 EAST,03/24/2025 NORTH,03/24/2025 SOUTH,03/24/2025 WEST,03/25/2025 EAST,03/25/2025 NORTH,03/25/2025 SOUTH,03/25/2025 WEST,03/26/2025 EAST,03/26/2025 NORTH,03/26/2025 SOUTH,03/26/2025 WEST,03/27/2025 EAST,03/27/2025 NORTH,03/27/2025 SOUTH,03/27/2025 WEST,03/28/2025 EAST,03/28/2025 NORTH,03/28/2025 SOUTH,03/28/2025 WEST,03/29/2025 EAST,03/29/2025 NORTH,03/29/2025 SOUTH,03/29/2025 WEST,03/30/2025 EAST,03/30/2025 NORTH,03/30/2025 SOUTH,03/30/2025 WEST,03/31/2025 EAST,03/31/2025 NORTH,03/31/2025 SOUTH,03/31/2025 WEST,04/01/2025 EAST,04/01/2025 NORTH,04/01/2025 SOUTH,04/01/2025 WEST,04/02/2025 EAST,04/02/2025 NORTH,04/02/2025 SOUTH,04/02/2025 WEST,04/03/2025 EAST,04/03/2025 NORTH,04/03/2025 SOUTH,04/03/2025 WEST,04/04/2025 EAST,04/04/2025 NORTH,04/04/2025 SOUTH,04/04/2025 WEST,04/05/2025 EAST,04/05/2025 NORTH,04/05/2025 SOUTH,04/05/2025 WEST,04/06/2025 EAST,04/06/2025 NORTH,04/06/2025 SOUTH,04/06/2025 WEST,04/07/2025 EAST,04/07/2025 NORTH,04/07/2025 SOUTH,04/07/2025 WEST,04/08/2025 EAST,04/08/2025 NORTH,04/08/2025 SOUTH,04/08/2025 WEST,04/09/2025 EAST,04/09/2025 NORTH,04/09/2025 SOUTH,04/09/2025 WEST,04/10/2025 EAST,04/10/2025 NORTH,04/10/2025 SOUTH,04/10/2025 WEST,04/11/2025 EAST,04/11/2025 NORTH,04/11/2025 SOUTH,04/11/2025 WEST,04/12/2025 EAST,04/12/2025 NORTH,04/12/2025 SOUTH,04/12/2025 WEST,04/13/2025 EAST,04/13/2025 NORTH,04/13/2025 SOUTH,04/13/2025 WEST,04/14/2025 EAST,04/14/2025 NORTH,04/14/2025 SOUTH,04/14/2025 WEST,04/15/2025 EAST,04/15/2025 NORTH,04/15/2025 SOUTH,04/15/2025 WEST,04/16/2025 EAST,04/16/2025 NORTH,04/16/2025 SOUTH,04/16/2025 WEST,04/17/2025 EAST,04/17/2025 NORTH,04/17/2025 SOUTH,04/17/2025 WEST,04/18/2025 EAST,04/18/2025 NORTH,04/18/2025 SOUTH,04/18/2025 WEST,04/19/2025 EAST,04/19/2025 NORTH,04/19/2025 SOUTH,04/19/2025 WEST,04/20/2025 EAST,04/20/2025 NORTH,04/20/2025 SOUTH,04/20/2025 WEST,04/21/2025 EAST,04/21/2025 NORTH,04/21/2025 SOUTH,04/21/2025 WEST,04/22/2025 EAST,04/22/2025 NORTH,04/22/2025 SOUTH,04/22/2025 WEST,04/23/2025 EAST,04/23/2025 NORTH,04/23/2025 SOUTH,04/23/2025 WEST,04/24/2025 EAST,04/24/2025 NORTH,04/24/2025 SOUTH,04/24/2025 WEST,04/25/2025 EAST,04/25/2025 NORTH,04/25/2025 SOUTH,04/25/2025 WEST,04/26/2025 EAST,04/26/2025 NORTH,04/26/2025 SOUTH,04/26/2025 WEST,04/27/2025 EAST,04/27/2025 NORTH,04/27/2025 SOUTH,04/27/2025 WEST,04/28/2025 EAST,04/28/2025 NORTH,04/28/2025 SOUTH,04/28/2025 WEST,04/29/2025 EAST,04/29/2025 NORTH,04/29/2025 SOUTH,04/29/2025 WEST,04/30/2025 EAST,04/30/2025 NORTH,04/30/2025 SOUTH,04/30/2025 WEST,05/01/2025 EAST,05/01/2025 NORTH,05/01/2025 SOUTH,05/01/2025 WEST,05/02/2025 EAST,05/02/2025 NORTH,05/02/2025 SOUTH,05/02/2025 WEST,05/03/2025 EAST,05/03/2025 NORTH,05/03/2025 SOUTH,05/03/2025 WEST,05/04/2025 EAST,05/04/2025 NORTH,05/04/2025 SOUTH,05/04/2025 WEST,05/05/2025 EAST,05/05/2025 NORTH,05/05/2025 SOUTH,05/05/2025 WEST,05/06/2025 EAST,05/06/2025 NORTH,05/06/2025 SOUTH,05/06/2025 WEST,05/07/2025 EAST,05/07/2025 NORTH,05/07/2025 SOUTH,05/07/2025 WEST,05/08/2025 EAST,05/08/2025 NORTH,05/08/2025 SOUTH,05/08/2025 WEST,05/09/2025 EAST,05/09/2025 NORTH,05/09/2025 SOUTH,05/09/2025 WEST,05/10/2025 EAST,05/10/2025 NORTH,05/10/2025 SOUTH,05/10/2025 WEST,05/11/2025 EAST,05/11/2025 NORTH,05/11/2025 SOUTH,05/11/2025 WEST,05/12/2025 EAST,05/12/2025 NORTH,05/12/2025 SOUTH,05/12/2025 WEST,05/13/2025 EAST,05/13/2025 NORTH,05/13/2025 SOUTH,05/13/2025 WEST,05/14/2025 EAST,05/14/2025 NORTH,05/14/2025 SOUTH,05/14/2025 WEST,05/15/2025 EAST,05/15/2025 NORTH,05/15/2025 SOUTH,05/15/2025 WEST,05/16/2025 EAST,05/16/2025 NORTH,05/16/2025 SOUTH,05/16/2025 WEST,05/17/2025 EAST,05/17/2025 NORTH,05/17/2025 SOUTH,05/17/2025 WEST,05/18/2025 EAST,05/18/2025 NORTH,05/18/2025 SOUTH,05/18/2025 WEST,05/19/2025 EAST,05/19/2025 NORTH,05/19/2025 SOUTH,05/19/2025 WEST,05/20/2025 EAST,05/20/2025 NORTH,05/20/2025 SOUTH,05/20/2025 WEST,05/21/2025 EAST,05/21/2025 NORTH,05/21/2025 SOUTH,05/21/2025 WEST,05/22/2025 EAST,05/22/2025 NORTH,05/22/2025 SOUTH,05/22/2025 WEST,05/23/2025 EAST,05/23/2025 NORTH,05/23/2025 SOUTH,05/23/2025 WEST,05/24/2025 EAST,05/24/2025 NORTH,05/24/2025 SOUTH,05/24/2025 WEST,05/25/2025 EAST,05/25/2025 NORTH,05/25/2025 SOUTH,05/25/2025 WEST,05/26/2025 EAST,05/26/2025 NORTH,05/26/2025 SOUTH,05/26/2025 WEST,05/27/2025 EAST,05/27/2025 NORTH,05/27/2025 SOUTH,05/27/2025 WEST,05/28/2025 EAST,05/28/2025 NORTH,05/28/2025 SOUTH,05/28/2025 WEST,05/29/2025 EAST,05/29/2025 NORTH,05/29/2025 SOUTH,05/29/2025 WEST,05/30/2025 EAST,05/30/2025 NORTH,05/30/2025 SOUTH,05/30/2025 WEST,05/31/2025 EAST,05/31/2025 NORTH,05/31/2025 SOUTH,05/31/2025 WEST,06/01/2025 EAST,06/01/2025 NORTH,06/01/2025 SOUTH,06/01/2025 WEST,06/02/2025 EAST,06/02/2025 NORTH,06/02/2025 SOUTH,06/02/2025 WEST,06/03/2025 EAST,06/03/2025 NORTH,06/03/2025 SOUTH,06/03/2025 WEST,06/04/2025 EAST,06/04/2025 NORTH,06/04/2025 SOUTH,06/04/2025 WEST,06/05/2025 EAST,06/05/2025 NORTH,06/05/2025 SOUTH,06/05/2025 WEST,06/06/2025 EAST,06/06/2025 NORTH,06/06/2025 SOUTH,06/06/2025 WEST,06/07/2025 EAST,06/07/2025 NORTH,06/07/2025 SOUTH,06/07/2025 WEST,06/08/2025 EAST,06/08/2025 NORTH,06/08/2025 SOUTH,06/08/2025 WEST,06/09/2025 EAST,06/09/2025 NORTH,06/09/2025 SOUTH,06/09/2025 WEST,06/10/2025 EAST,06/10/2025 NORTH,06/10/2025 SOUTH,06/10/2025 WEST,06/11/2025 EAST,06/11/2025 NORTH,06/11/2025 SOUTH,06/11/2025 WEST,06/12/2025 EAST,06/12/2025 NORTH,06/12/2025 SOUTH,06/12/2025 WEST,06/13/2025 EAST,06/13/2025 NORTH,06/13/2025 SOUTH,06/13/2025 WEST,06/14/2025 EAST,06/14/2025 NORTH,06/14/2025 SOUTH,06/14/2025 WEST,06/15/2025 EAST,06/15/2025 NORTH,06/15/2025 SOUTH,06/15/2025 WEST
0:00,71,117,201,24,12,34,71,6,14,47,79,1,22,44,88,3,30,64,70,2,8,35,56,7,8,28,44,2,9,23,52,1,11,40,63,1,12,30,87,2,26,56,105,3,24,71,102,6,10,21,47,0,5,25,51,1,7,44,51,3,7,24,61,0,9,47,79,2,23,56,101,4,16,54,109,4,12,51,92,4,22,45,80,2,5,26,52,2,8,28,71,2,12,29,60,0,20,46,107,2,25,59,104,9,12,37,61,0,11,22,46,3,17,26,55,2,5,19,70,0,11,19,91,3,19,50,95,4,18,60,112,2,4,21,84,2,13,39,50,1,10,25,64,2,11,32,66,1,11,39,75,0,19,49,123,9,40,64,132,2,16,54,54,2,16,30,52,2,9,33,56,2,14,34,77,6,5,41,76,9,16,61,162,0,14,53,136,5,11,48,81,5,11,23,50,2,7,27,51,2,11,23,55,2,15,29,84,7,22,59,107,6,24,77,128,8,3,30,71,3,6,27,60,2,11,40,64,1,9,39,74,6,15,34,73,4,18,81,130,1,27,52,111,6,12,31,61,3,15,31,68,3,20,44,73,5,9,48,96,6,15,55,135,14,17,78,139,3,30,79,148,1,17,50,117,5,16,42,157,8,11,41,128,2,15,34,74,6,12,33,107,1,14,76,132,4,26,78,132,8,14,40,78,4,12,28,70,0,11,34,66,3,18,34,82,2,19,50,82,10,27,62,117,6,41,60,147,3,21,41,76,5,10,38,52,1,7,28,70,3,11,46,76,4,10,49,85,0,15,57,148,10,17,57,146,4,9,51,63,2,11,32,52,3,5,31,59,6,12,45,67,2,10,32,97,4,24,66,115,5,31,80,130,6,6,32,93,2,11,52,70,4,8,46,75,1,20,46,115,5,61,164,317,12,124,120,320,34,70,155,282,31,181,197,346,47,6,68,73,2,13,46,89,6,8,41,138,2,34,69,285,16,57,162,275,29,85,160,284,16,292,175,243,41,14,58,86,3,7,38,87,2,17,57,95,2,23,81,167,4,305,173,426,73,310,172,400,59,427,239,356,62,11,47,57,3,8,40,70,1,6,39,76,5,19,46,94,4,27,65,131,18,45,78,142,23,9,45,64,16,15,30,64,0,8,37,93,0,13,36,65,0,4,29,94,5,21,67,109,7,41,100,140,16,18,42,74,3,16,32,61,2,14,31,65,1,14,48,72,2,18,54,109,2,25,60,107,4,32,87,160,10,12,27,108,4,11,40,86,4,19,38,97,3,17,38,101,4,10,36,80,3,25,72,153,10,58,83,208,8,28,68,163,4,10,42,55,1,12,35,78,0,20,45,99,3,17,48,95,3,29,64,138,6,24,46,131,2,14,35,64,2,13,28,69,1,10,45,78,3,17,48,76,2,9,26,63,1,28,44,127,3,30,55,130,6,0,1,2,0,10,25,49,3,17,42,76,4,10,22,66,3,16,41,65,1,21,57,119,4,24,73,126,6
1:00,45,87,145,6,0,18,29,1,7,20,41,1,11,33,72,0,15,32,47,2,7,21,40,6,11,23,38,2,3,27,26,0,8,19,37,0,5,20,30,1,18,33,56,0,20,26,59,2,6,16,24,0,7,14,23,2,9,19,24,1,6,14,30,2,9,22,26,1,14,34,63,0,11,41,57,5,6,24,50,0,9,18,35,0,5,21,25,1,5,16,32,0,9,22,31,2,16,41,58,0,10,36,65,4,3,20,26,1,3,17,21,3,12,15,22,0,9,16,48,3,8,18,24,0,9,25,48,0,16,38,69,2,12,13,41,1,9,17,26,0,8,9,23,0,6,25,29,0,6,19,36,1,23,44,49,1,21,29,85,1,11,25,41,0,3,10,16,0,5,15,36,4,7,15,36,1,10,20,44,0,15,38,60,3,19,28,80,2,17,20,38,0,6,16,25,1,8,19,27,1,8,15,38,0,8,21,39,0,11,30,54,2,10,38,59,5,5,18,33,1,7,20,24,3,9,18,42,4,7,18,29,0,8,31,39,3,13,31,46,3,9,26,61,4,3,29,27,2,10,21,42,0,8,22,36,2,9,29,35,0,11,23,50,8,18,57,66,0,16,41,77,3,10,21,32,1,10,25,45,2,3,23,35,0,10,15,45,0,7,25,47,0,20,45,53,2,13,46,91,2,9,28,56,1,3,17,35,0,6,15,40,2,7,14,50,4,9,44,38,1,17,54,67,2,19,33,74,1,7,27,35,1,5,20,31,1,4,14,34,1,1,23,43,1,8,29,42,3,5,29,65,1,13,62,82,5,2,20,29,1,9,23,27,3,10,25,23,2,10,32,35,3,5,29,42,2,13,29,74,5,19,42,64,2,7,25,35,0,3,19,32,4,5,23,44,1,9,36,77,0,36,76,118,6,184,154,270,37,131,112,285,41,178,271,321,42,5,17,38,3,4,35,40,0,8,35,73,4,13,49,136,5,232,146,299,40,241,144,286,44,240,318,226,35,0,21,45,3,5,18,43,0,3,19,44,1,12,36,67,9,165,321,295,39,130,307,245,29,114,289,173,31,12,23,31,3,5,27,42,0,10,20,40,3,10,25,33,1,16,37,78,14,19,69,98,8,15,49,34,7,6,19,43,0,7,18,39,3,7,27,46,2,10,26,39,1,14,36,67,3,23,61,74,10,11,23,39,3,6,21,34,2,5,18,29,1,4,14,44,1,5,21,48,2,18,36,78,1,13,48,80,3,12,27,35,1,11,19,47,3,6,21,39,0,6,34,62,4,8,16,52,2,21,51,103,0,28,45,95,3,18,32,81,2,7,25,28,1,8,16,36,1,8,19,36,1,10,28,69,1,18,37,79,2,15,55,95,0,6,27,43,3,6,13,23,0,8,27,53,0,5,24,34,0,16,27,46,1,12,27,61,0,22,33,86,4,0,0,0,0,8,18,38,1,8,29,40,2,9,38,45,1,5,15,39,0,11,26,53,5,19,39,63,4
2:00,32,45,80,4,8,15,17,1,5,17,26,1,8,13,20,4,8,22,31,2,6,18,20,2,8,16,22,0,11,25,12,0,10,16,27,1,6,22,31,2,7,21,39,4,12,27,33,1,13,13,16,1,3,15,9,0,5,22,17,0,3,30,17,1,2,21,20,0,7,21,30,2,9,20,35,1,8,32,34,1,0,20,26,1,2,26,21,2,5,20,18,1,5,23,14,0,8,29,48,3,10,21,44,3,6,14,35,1,4,9,13,0,2,17,12,2,3,22,30,0,10,22,23,2,8,17,37,0,11,21,43,1,10,20,26,2,3,16,21,0,4,16,17,0,4,17,16,2,8,16,27,0,14,24,38,1,9,22,35,0,4,15,15,0,3,11,16,0,4,18,23,2,11,15,25,1,10,17,12,2,8,15,41,3,9,22,28,0,12,17,24,1,6,19,21,1,4,22,22,1,2,15,23,2,11,21,18,1,15,27,41,4,7,14,51,2,8,18,19,0,5,18,16,1,3,20,28,0,9,22,41,1,10,27,16,0,10,38,59,2,9,28,39,6,3,19,14,0,3,21,29,0,8,22,19,0,4,18,30,0,8,19,18,3,11,35,35,0,0,0,0,0,6,26,21,2,6,25,24,2,1,23,20,0,8,22,24,0,8,19,41,0,11,35,47,2,9,32,60,1,7,27,19,0,3,27,22,2,2,22,12,1,6,22,18,0,8,22,15,3,8,22,54,0,8,22,39,2,10,29,30,1,3,18,11,0,5,23,13,0,3,20,14,1,5,32,26,2,8,29,37,3,11,37,40,2,3,30,24,3,0,11,17,0,5,22,15,4,2,17,22,1,5,23,21,2,7,36,66,3,15,32,39,0,3,23,34,0,3,22,17,0,3,11,21,0,6,34,76,4,18,63,63,1,146,516,319,41,149,341,248,30,77,302,168,11,5,25,21,1,7,28,25,2,12,46,47,0,14,33,68,5,453,215,251,41,188,287,299,27,33,225,105,9,6,22,24,0,5,18,25,1,7,24,37,0,8,32,37,1,43,126,123,6,73,115,93,11,79,116,79,7,9,17,15,4,2,25,24,0,3,22,18,4,3,21,28,0,10,33,50,3,10,32,46,3,3,12,18,2,7,27,24,1,7,27,36,1,6,18,16,2,5,19,26,1,15,21,38,4,18,34,40,3,9,24,26,1,4,14,15,0,8,19,20,2,5,16,21,3,8,21,33,1,6,24,53,2,9,25,46,1,2,21,23,0,11,21,35,0,6,18,36,0,4,12,37,0,11,26,40,0,44,40,53,4,17,18,69,2,6,29,39,0,11,24,23,0,4,13,30,0,6,15,20,1,5,18,22,0,9,39,62,2,42,30,25,1,5,33,21,3,7,22,19,0,7,20,20,1,8,20,27,0,8,27,20,0,11,28,40,0,7,25,56,3,0,0,0,0,5,22,16,0,11,21,25,1,4,14,17,1,7,21,25,0,6,26,53,7,8,28,50,1
3:00,17,32,50,4,7,42,23,1,11,32,20,1,8,30,20,2,12,36,35,0,11,45,18,3,11,34,20,0,16,42,24,2,9,34,25,4,12,27,19,1,14,30,26,2,18,37,31,0,12,32,21,1,9,40,17,0,6,42,25,0,10,42,19,1,9,47,33,0,17,35,21,3,10,39,19,0,5,52,32,1,10,37,19,1,8,30,24,1,7,47,16,3,14,40,24,0,15,46,37,0,8,36,31,1,11,24,22,1,8,41,24,3,8,34,16,0,8,54,35,4,9,42,26,2,13,32,29,1,14,32,28,3,8,39,26,2,7,30,13,0,11,33,20,4,20,41,17,3,8,43,16,2,12,37,33,1,7,24,38,2,12,47,24,1,10,38,19,2,15,36,23,0,13,38,26,3,11,23,24,1,14,24,23,1,14,22,31,0,14,45,27,2,12,33,30,0,10,30,19,0,8,32,19,1,16,32,34,3,16,26,20,4,14,28,34,3,8,31,20,2,5,30,19,0,5,45,32,1,5,37,23,0,7,45,46,2,20,42,36,4,14,31,28,3,14,41,13,4,9,37,19,2,9,50,30,2,10,57,21,5,7,48,31,3,11,51,35,4,17,52,47,7,10,45,24,0,11,49,28,0,8,42,19,1,14,35,19,2,7,30,16,2,14,37,31,3,6,40,39,1,17,39,25,5,6,40,19,2,9,54,19,0,7,38,22,0,12,41,35,5,17,35,38,2,15,33,39,5,19,26,21,2,7,43,17,0,8,43,24,0,2,44,19,1,6,47,21,2,9,42,35,1,8,38,37,3,8,26,20,1,8,43,26,1,6,46,24,0,4,47,23,3,6,31,20,1,14,37,29,3,11,29,34,2,3,41,18,2,3,32,21,2,6,47,29,2,7,38,71,1,13,53,41,0,79,329,197,21,86,242,164,24,43,132,66,7,5,35,29,0,4,37,26,1,10,49,75,4,10,40,43,2,62,176,155,8,38,142,122,11,28,133,81,9,4,33,24,1,11,43,23,1,6,50,34,2,12,47,48,1,14,102,94,4,31,83,62,4,22,89,76,8,5,39,11,0,8,44,21,0,12,48,32,3,9,46,34,0,6,44,37,3,10,34,40,2,25,41,41,0,17,41,32,2,13,38,29,0,9,34,22,1,8,36,27,1,12,32,38,1,12,38,37,1,17,45,27,1,9,45,20,2,9,46,16,1,6,42,30,1,13,34,34,4,8,30,28,3,14,36,35,2,16,46,34,2,23,38,35,2,10,32,29,0,18,34,30,2,11,29,25,0,17,34,30,0,20,20,44,3,9,31,39,1,12,43,28,1,15,30,19,0,13,33,20,0,13,36,26,1,11,33,41,2,8,31,33,3,15,32,31,0,10,42,20,0,10,23,21,1,13,33,25,0,10,39,30,0,12,40,32,1,15,34,27,3,0,0,0,0,8,28,13,1,10,37,13,1,6,35,15,1,10,36,22,0,9,38,47,4,9,31,31,0
4:00,23,47,30,7,35,87,35,5,38,81,34,5,26,45,30,2,22,47,37,4,28,97,29,11,39,84,34,5,51,103,39,5,46,96,47,5,34,108,55,7,31,55,48,3,19,49,41,3,32,98,44,6,42,95,27,0,54,131,58,2,58,125,61,5,45,95,61,7,17,59,62,3,18,44,50,3,39,103,39,3,39,114,47,5,35,105,34,3,33,121,42,1,29,116,36,4,33,57,53,3,20,47,38,2,36,109,57,8,50,112,43,5,46,127,41,6,33,113,35,9,30,96,43,3,30,54,34,5,13,46,36,2,29,127,57,7,34,134,35,6,47,124,44,6,40,120,36,7,35,114,52,4,30,79,46,2,26,59,52,3,43,109,35,8,42,124,51,2,41,120,31,4,49,125,35,5,35,98,38,4,29,67,44,3,32,52,37,4,44,101,44,8,48,102,46,3,42,138,33,6,47,132,42,3,43,95,31,3,31,93,40,2,25,52,35,0,49,130,46,3,49,124,19,7,43,137,39,8,54,126,31,13,43,138,53,7,35,80,40,6,24,62,50,5,47,131,50,5,55,132,50,2,40,111,52,3,47,124,25,7,62,95,51,15,24,64,32,2,31,58,55,2,47,127,44,6,51,103,56,3,35,125,45,4,41,105,40,7,37,116,46,5,28,70,45,2,22,43,43,1,37,104,48,1,30,126,49,2,37,119,42,4,49,121,41,6,49,137,44,8,29,79,30,3,31,59,73,4,31,108,57,2,22,126,59,3,12,113,46,1,18,120,32,2,22,121,32,3,14,72,25,3,9,48,42,2,22,125,44,0,25,108,42,1,14,109,30,2,23,122,29,3,14,115,41,3,12,55,41,4,12,56,49,2,10,109,43,5,21,128,47,2,16,124,47,2,21,111,82,4,23,119,58,7,51,216,118,5,67,232,157,13,47,218,86,9,19,116,43,7,21,115,29,4,19,126,88,6,23,106,74,1,27,120,90,3,25,122,64,8,42,192,99,8,20,104,52,7,16,133,42,5,19,126,45,4,16,130,62,5,22,114,97,12,16,125,68,2,29,166,61,3,29,120,44,3,16,127,41,1,23,112,42,11,24,98,59,8,9,73,42,2,13,60,55,4,37,123,57,4,44,104,49,8,45,119,40,3,32,114,45,2,39,106,43,3,29,64,31,3,18,53,41,1,41,122,62,3,42,116,50,4,49,145,37,6,43,121,60,6,47,108,62,6,34,74,31,3,23,45,34,0,30,106,61,3,36,116,47,7,39,130,51,4,40,124,43,4,36,117,46,3,37,47,49,2,27,41,57,1,23,57,46,3,29,98,49,4,49,112,36,6,49,122,64,5,51,120,55,4,43,81,45,7,25,53,33,1,46,123,48,4,53,118,54,7,46,113,49,6,49,122,56,4,46,100,54,4,24,51,42,3,18,52,43,1,0,0,0,0,56,123,64,10,46,124,57,6,24,123,50,5,28,123,40,3,21,52,30,1,25,52,37,2
5:00,48,86,64,11,85,204,105,12,88,193,112,20,67,118,105,6,62,98,74,6,76,1393,99,12,73,198,104,8,93,229,104,13,99,243,116,30,85,225,127,13,52,119,84,4,51,109,87,9,80,214,103,14,88,234,105,11,79,298,122,16,98,268,143,15,79,243,123,19,40,131,118,19,22,126,92,17,71,224,107,13,76,282,124,14,70,237,96,19,70,264,121,13,89,250,114,11,53,119,89,16,38,128,90,10,91,212,118,18,81,207,114,10,93,258,114,15,70,237,122,16,72,239,121,14,40,130,106,8,59,106,75,4,60,260,111,14,101,233,109,14,71,229,102,19,79,270,123,16,86,234,113,16,59,133,89,12,44,87,93,12,66,286,103,15,69,259,130,11,83,265,109,23,75,237,114,13,73,209,137,20,38,161,68,8,45,127,93,7,62,188,99,16,93,260,136,16,80,254,117,16,89,234,114,15,98,265,109,25,47,138,86,13,47,127,77,10,81,242,102,25,97,251,105,18,83,242,126,16,88,252,109,17,87,217,112,23,63,160,119,11,46,141,85,9,94,252,109,19,86,222,126,15,72,258,126,13,92,284,131,10,70,235,144,46,41,122,112,11,48,114,84,7,81,222,128,14,92,245,112,16,80,243,96,11,77,251,112,12,88,229,123,18,67,133,95,8,59,113,78,11,81,234,91,24,84,223,97,12,77,244,87,18,82,245,131,24,74,225,100,17,49,121,96,8,52,102,124,8,55,234,95,11,48,241,102,15,44,271,93,10,52,251,101,10,53,227,124,16,19,142,81,6,32,117,83,6,42,223,88,8,46,220,115,15,45,234,107,18,44,242,106,18,52,221,138,18,37,132,98,8,37,122,88,7,40,259,108,17,45,262,102,14,53,243,106,17,48,193,188,16,43,244,127,19,47,160,138,10,63,201,157,23,85,320,145,23,38,251,132,12,44,239,118,10,52,231,213,19,48,214,151,20,41,147,114,16,52,184,112,15,60,258,122,18,51,218,112,19,46,215,122,18,44,193,125,11,41,208,130,18,39,139,96,13,28,116,90,10,42,280,117,21,37,229,112,11,42,242,108,14,42,477,108,12,39,195,113,18,23,108,95,9,31,88,87,11,60,206,139,15,77,185,105,16,67,213,126,11,73,180,100,15,60,179,107,14,41,117,88,10,33,75,66,4,62,199,102,11,71,186,117,15,69,181,93,17,70,198,113,12,68,208,135,14,47,98,93,8,34,85,75,8,49,178,118,15,59,192,121,18,59,211,139,15,52,200,153,18,45,182,123,9,31,111,82,7,25,92,81,6,23,100,80,9,55,182,108,11,83,194,136,14,75,193,126,9,75,176,129,13,54,98,104,9,22,86,113,4,76,172,117,16,84,199,140,9,72,217,118,15,81,197,119,17,85,190,136,14,41,86,97,9,30,73,63,7,0,0,0,0,81,226,154,19,3,4,9,1,53,211,127,10,51,205,141,15,19,96,76,6,19,74,59,6
6:00,52,123,83,18,144,323,228,29,179,380,251,36,76,188,166,31,67,148,154,30,179,441,247,50,180,374,243,30,192,371,277,34,187,397,273,36,176,404,278,33,86,204,134,20,88,142,128,23,189,422,273,36,186,442,305,70,195,451,341,67,198,421,356,49,96,402,329,48,85,238,386,48,47,218,366,51,96,340,267,35,134,423,273,33,125,375,272,44,125,414,298,53,152,455,320,108,59,213,157,15,54,142,149,15,143,369,301,51,141,347,280,39,121,371,278,53,111,376,296,34,113,353,250,23,76,185,195,25,62,167,185,14,117,347,284,31,132,426,281,34,103,402,262,50,120,423,288,36,118,408,284,39,67,200,142,25,51,134,137,21,74,396,224,34,120,384,271,39,118,349,283,30,124,362,262,43,120,382,298,34,57,193,169,17,45,150,137,22,90,281,178,36,107,413,298,34,101,391,277,33,106,440,285,31,104,481,360,31,49,229,285,26,41,144,152,14,89,415,342,37,84,435,342,33,89,452,397,33,82,458,370,35,120,363,268,32,74,200,159,30,49,177,163,17,75,431,331,32,85,452,359,26,116,394,291,29,72,641,380,24,122,427,331,44,62,257,218,12,84,177,204,18,164,436,246,45,160,422,293,34,163,445,323,33,167,466,261,50,166,442,268,44,74,230,167,33,66,180,146,23,155,407,298,41,124,418,307,33,145,396,299,42,155,456,347,46,121,387,296,30,65,217,197,30,52,153,166,21,77,425,297,93,68,383,344,42,80,380,271,29,84,421,276,41,69,374,240,22,43,197,107,28,35,146,135,20,77,356,255,39,81,400,288,38,69,380,292,37,70,427,310,41,59,401,311,27,30,228,149,25,24,147,140,17,67,365,294,52,62,424,336,37,65,379,330,27,78,337,369,38,46,408,340,32,46,207,173,20,35,176,172,23,80,400,328,32,47,403,352,38,75,346,311,37,53,390,347,30,74,369,322,29,32,209,163,12,19,204,123,17,34,397,292,33,40,402,307,27,58,347,342,33,56,347,300,29,71,378,270,44,32,216,202,15,32,145,142,16,59,444,309,28,46,413,337,37,68,454,330,35,107,388,599,38,71,417,326,35,66,213,189,22,59,150,192,11,135,338,322,28,108,418,341,31,128,374,284,35,90,388,326,41,118,415,291,35,61,199,169,20,48,170,150,17,118,363,311,22,126,386,307,45,131,410,326,26,126,413,323,46,129,403,252,37,76,192,178,18,62,144,125,10,93,386,329,31,102,385,285,25,97,401,364,33,92,414,309,29,100,413,310,27,66,210,192,19,43,156,153,21,38,165,169,9,103,400,336,24,160,405,335,27,171,380,352,32,145,370,322,48,105,189,181,13,54,137,126,9,172,401,331,17,166,371,318,23,164,393,336,31,147,415,327,30,162,396,330,20,98,212,162,20,51,169,126,10,0,0,0,0,165,405,314,29,0,0,0,0,102,427,299,34,112,382,324,31,62,209,149,27,38,170,146,18
7:00,65,203,150,17,228,618,540,62,206,640,522,52,132,377,336,47,100,289,278,18,412,827,681,134,297,749,625,63,404,798,644,84,431,840,813,77,404,855,724,68,145,369,305,29,131,310,331,17,438,808,744,72,331,849,710,77,437,935,839,107,428,1004,934,113,233,811,731,90,180,520,961,79,140,428,665,52,113,650,606,68,137,899,744,71,226,800,621,70,165,961,831,82,190,916,725,81,76,351,287,33,71,240,236,28,208,845,709,93,186,756,556,68,192,849,789,83,210,874,775,80,170,817,683,57,98,369,388,32,64,330,336,25,195,801,707,85,159,870,714,63,231,865,784,85,213,959,839,97,234,881,796,87,90,418,315,37,61,280,287,28,147,734,558,63,161,839,608,59,245,770,692,74,232,752,624,78,195,876,665,66,81,381,354,38,81,309,328,25,102,592,384,46,182,871,659,67,215,952,756,75,224,882,744,74,222,919,703,92,133,484,434,34,84,334,314,27,206,925,731,78,170,837,645,71,214,905,752,75,214,927,768,83,232,725,705,67,108,410,348,53,72,366,268,28,226,870,711,92,189,840,636,65,262,848,628,85,222,1088,817,50,233,953,702,141,124,466,493,46,78,318,262,17,146,903,671,75,175,704,587,53,181,794,679,64,287,695,580,66,185,829,620,62,70,414,351,35,52,337,286,26,210,731,613,85,142,855,598,58,191,910,734,61,180,882,746,49,203,905,726,67,94,410,454,22,67,325,258,21,153,894,688,72,104,935,663,55,184,882,715,59,186,809,706,58,199,781,660,59,82,353,351,43,36,315,236,27,211,777,663,73,138,901,570,62,204,799,595,66,204,865,667,79,180,871,669,72,77,489,381,28,48,292,251,25,200,875,762,67,151,870,672,55,198,900,749,58,243,779,845,70,200,838,788,65,76,355,356,38,54,342,248,33,254,910,698,86,141,845,610,77,207,840,677,62,197,882,784,68,175,832,678,49,67,386,369,29,66,359,300,28,119,717,523,66,106,706,522,59,97,696,546,46,128,689,585,65,126,661,524,69,52,361,361,34,56,300,207,23,214,876,653,63,131,829,564,64,184,835,646,65,367,820,666,107,297,873,715,66,117,409,345,20,92,293,286,23,361,799,645,64,273,817,625,62,384,812,682,68,395,839,669,68,368,787,675,58,134,407,303,24,119,299,245,20,366,751,616,73,300,780,639,59,389,806,630,57,387,840,636,43,380,770,655,49,132,367,340,31,102,267,187,18,210,757,670,71,193,779,588,71,265,845,678,65,267,794,685,73,260,766,618,72,101,396,306,24,75,272,246,20,91,312,195,25,174,763,568,58,426,815,702,64,401,800,662,63,436,813,626,74,136,363,267,29,95,231,162,16,371,759,710,53,266,775,523,58,374,734,647,59,406,757,645,57,216,647,482,51,130,403,271,22,97,234,143,10,0,0,0,0,297,716,604,60,0,0,0,0,192,704,590,62,197,639,608,59,107,342,303,26,62,261,168,13
8:00,114,281,227,35,285,754,622,64,299,707,662,95,219,531,462,48,160,460,423,46,496,816,896,95,463,770,871,111,485,914,902,112,511,811,899,95,531,882,938,118,211,537,471,55,186,479,469,51,514,867,1008,121,448,849,955,113,554,952,1022,158,573,993,1126,171,248,794,950,125,275,699,1011,113,169,525,739,68,167,711,627,75,277,888,880,102,310,728,759,106,261,909,931,96,287,851,963,119,132,544,497,54,103,422,432,55,322,910,910,107,277,808,844,115,298,857,847,89,286,876,897,75,305,870,950,87,137,560,529,61,112,478,436,59,292,854,817,97,261,912,941,100,309,882,957,106,298,884,947,109,314,822,955,97,144,557,476,70,119,465,436,46,178,742,609,100,286,913,910,102,335,745,899,94,325,780,898,102,333,833,993,117,125,560,570,67,139,471,451,45,143,640,510,83,310,887,872,101,326,914,933,96,338,857,909,91,336,956,1001,107,177,656,671,57,127,519,521,52,296,904,896,100,301,927,958,121,317,898,936,97,330,906,962,115,348,824,956,102,163,517,426,55,134,525,462,54,312,791,881,108,323,882,884,97,346,784,833,111,352,1114,1031,76,321,829,935,142,165,641,532,60,86,510,386,51,307,909,863,92,275,750,831,100,326,911,918,102,387,714,744,97,327,795,919,87,158,623,499,64,108,498,448,45,376,756,785,116,293,876,883,94,317,919,968,80,312,875,957,93,303,886,928,89,132,628,547,49,109,508,457,55,268,888,937,91,233,906,854,96,289,887,852,83,283,742,896,89,281,836,839,89,124,564,444,46,95,466,408,45,280,893,827,76,310,774,1297,103,249,796,850,94,278,810,834,99,267,834,893,71,134,571,540,39,99,451,393,48,314,835,951,97,262,866,880,81,281,904,946,89,271,806,1050,89,288,980,1061,94,102,510,464,62,97,488,404,43,395,997,904,101,244,891,915,98,286,916,952,83,276,825,996,101,292,878,1030,100,143,575,519,57,83,508,464,52,183,772,584,58,138,742,630,61,148,709,623,66,139,673,653,73,147,759,721,88,122,576,546,50,77,443,391,49,318,886,868,92,241,759,880,92,244,811,864,77,409,869,924,83,402,782,884,79,171,554,500,50,125,406,393,34,474,805,870,83,414,825,963,108,435,790,866,92,512,709,880,91,486,821,856,73,188,566,493,43,142,429,346,37,454,695,850,76,378,775,857,94,454,756,883,93,475,768,918,77,467,770,854,80,182,508,468,40,137,382,349,30,271,821,796,70,277,795,811,80,296,766,885,76,280,787,882,76,281,862,787,95,126,534,411,54,111,424,377,24,97,459,319,40,276,795,777,82,479,745,896,74,522,751,828,67,499,774,818,85,149,465,397,34,112,325,280,30,467,711,798,60,441,756,805,87,432,708,765,79,487,724,820,59,246,650,557,61,201,509,391,32,108,329,259,26,0,0,0,0,310,700,624,57,0,0,0,0,191,767,591,63,174,727,555,53,114,494,410,40,59,371,268,22
9:00,136,407,334,38,304,712,719,93,289,763,797,118,290,635,612,67,221,581,500,67,279,672,738,93,491,707,767,90,264,634,700,101,315,653,792,96,294,667,822,96,248,708,569,86,254,615,584,60,326,732,786,128,523,774,884,85,352,758,794,90,391,732,950,128,261,750,917,127,277,721,954,118,214,644,705,99,190,684,625,90,277,721,832,100,193,676,695,107,188,671,790,87,202,706,808,98,159,655,585,83,131,590,541,59,171,650,703,81,257,770,810,110,187,698,734,96,193,679,694,91,204,730,700,76,166,642,574,69,156,621,553,53,220,699,705,89,263,800,853,94,232,701,751,113,192,722,770,96,212,756,850,84,188,684,673,92,167,644,645,67,178,730,687,63,278,775,817,98,206,755,747,90,209,689,726,92,225,738,824,83,181,658,685,84,164,672,665,66,168,677,636,94,311,810,881,82,197,749,749,113,219,728,783,72,228,727,793,95,227,674,838,94,163,689,603,88,189,683,714,96,273,799,891,103,215,724,809,114,211,778,843,99,213,671,859,124,200,639,623,96,178,670,630,84,186,707,711,88,310,829,859,105,226,762,810,99,188,1106,931,111,222,792,752,95,197,821,675,81,178,691,508,66,202,812,674,86,305,776,860,118,162,749,764,90,215,665,618,87,188,671,649,89,206,657,600,78,159,678,527,81,238,662,655,83,301,810,887,92,212,771,740,100,208,785,737,89,222,789,787,82,242,694,653,60,146,714,624,74,186,773,756,78,282,851,943,96,155,732,768,95,189,740,711,101,176,775,768,92,163,696,605,83,111,654,476,57,145,717,667,71,244,692,966,82,174,726,691,72,164,702,774,91,169,749,729,89,168,707,678,59,127,637,568,55,158,663,678,86,259,755,903,69,157,768,736,85,179,760,1024,107,209,890,932,98,176,606,665,93,93,649,532,55,259,999,640,80,233,755,786,95,159,727,777,80,156,761,883,88,182,817,875,99,149,666,679,81,96,548,463,55,231,912,614,98,137,691,684,97,145,636,688,73,167,657,731,84,193,890,877,101,165,668,751,65,120,638,515,52,239,844,715,93,244,706,770,88,125,625,665,68,228,820,765,79,240,865,728,75,266,730,587,65,135,561,454,40,268,774,734,71,433,884,850,77,267,761,704,54,174,569,470,48,265,823,742,70,240,804,597,64,157,532,469,49,246,622,621,58,395,760,769,78,248,734,677,60,269,780,735,71,277,777,689,63,233,692,596,73,148,623,404,36,134,727,629,62,222,902,787,85,149,733,705,74,163,736,655,78,174,825,683,61,129,723,519,45,110,741,456,44,105,514,371,74,254,775,750,76,267,767,664,74,311,729,718,80,287,816,756,66,205,652,500,42,146,461,333,36,249,758,640,55,441,778,794,67,290,739,658,65,240,737,649,72,284,703,646,70,193,648,493,45,166,529,302,37,0,0,0,0,245,661,655,63,0,0,0,0,159,771,643,39,179,734,684,69,115,651,510,48,70,426,340,41
10:00,166,428,471,49,352,829,810,106,326,820,792,106,292,675,767,76,257,636,656,58,273,692,766,82,276,655,820,84,281,656,790,87,326,727,848,98,304,731,867,92,326,723,741,87,260,718,764,67,332,748,800,115,303,719,824,113,325,717,857,118,357,772,944,114,308,732,910,108,278,727,1020,135,237,660,934,90,209,799,743,102,186,671,859,95,193,694,688,97,161,660,835,99,228,741,802,98,163,671,724,68,179,706,712,70,170,651,795,104,186,715,735,104,178,660,801,86,182,615,747,86,192,714,725,106,168,692,824,83,178,685,777,62,199,686,715,129,205,703,842,104,205,713,807,90,231,791,800,92,252,756,886,96,225,770,802,85,168,780,786,62,197,694,807,100,204,735,853,81,222,706,831,94,207,733,851,110,257,781,887,105,230,746,923,90,208,762,859,81,221,766,692,90,212,784,826,88,201,761,845,108,206,770,820,89,239,808,872,105,301,881,1133,107,184,784,768,77,207,724,777,95,245,795,833,117,213,766,799,98,234,729,975,107,223,674,854,100,189,641,852,89,208,756,852,83,194,699,680,99,226,765,833,88,222,756,666,103,251,1432,867,123,253,771,708,107,262,879,767,101,191,800,640,74,229,767,703,103,223,725,706,90,227,922,762,119,201,724,714,91,244,797,762,104,213,790,742,90,204,796,717,68,228,657,680,97,205,744,763,93,228,716,810,121,227,719,842,107,228,818,799,119,224,752,894,88,193,816,810,50,183,728,840,107,161,803,805,107,166,701,843,98,159,703,869,93,193,704,752,97,183,729,763,62,134,714,684,76,184,694,720,100,171,687,648,98,172,806,817,95,154,743,809,112,194,755,837,91,189,755,797,93,133,713,633,68,148,759,834,94,155,716,744,87,183,714,838,97,208,665,1016,106,203,981,1112,117,178,697,755,94,115,754,746,70,253,991,796,109,158,717,799,83,164,714,803,97,174,730,962,102,203,900,1027,107,160,731,872,93,114,635,676,69,258,1041,695,92,183,692,733,94,148,666,771,98,148,723,744,94,206,837,1123,96,212,812,869,71,140,737,747,73,219,777,725,91,153,634,736,81,117,565,720,93,227,717,772,74,242,659,757,99,217,644,706,72,189,668,557,55,233,613,817,90,229,666,747,83,260,596,732,85,220,716,725,89,237,652,765,69,318,708,688,61,191,604,543,50,194,528,618,49,228,614,750,70,229,647,739,64,56,140,157,11,253,627,745,83,233,637,558,45,203,582,569,43,146,518,660,61,132,587,697,66,160,570,763,60,144,593,732,67,153,621,764,73,133,600,632,70,120,659,550,63,114,576,435,59,212,727,816,89,226,707,759,93,224,568,657,61,284,667,778,84,216,608,582,63,147,477,423,40,240,553,723,75,266,623,724,75,284,557,687,66,258,633,696,83,262,594,684,59,208,512,505,44,140,512,422,35,0,0,0,0,268,534,629,61,0,0,0,0,165,747,701,57,149,633,711,83,141,583,625,51,88,479,412,48
11:00,197,524,493,67,363,867,922,128,344,842,892,105,315,801,807,106,276,733,734,75,288,753,838,104,292,744,856,91,321,779,838,110,312,764,891,118,314,823,906,119,346,839,836,82,283,913,859,78,290,790,891,104,296,727,841,110,330,743,941,120,352,762,959,140,319,796,997,152,291,764,1035,122,221,842,929,69,199,796,855,130,183,738,800,85,196,732,747,85,196,775,933,107,204,792,849,107,184,743,783,86,188,715,826,58,205,724,837,110,182,710,827,102,214,744,827,85,222,764,881,98,191,788,881,82,214,765,845,73,196,775,841,64,199,742,849,106,202,705,885,115,225,797,1002,107,225,754,934,94,216,792,884,112,202,723,920,80,173,736,833,74,210,753,866,93,192,723,855,96,204,746,962,103,260,776,868,84,249,868,902,110,215,867,971,109,226,877,893,95,205,799,821,99,197,785,986,97,231,775,955,92,256,801,1012,90,229,810,982,122,280,1041,1026,88,196,870,845,81,210,793,915,114,223,770,920,117,206,722,939,100,234,864,986,111,226,788,909,113,187,694,901,105,190,781,888,103,258,802,861,78,230,788,957,127,200,874,766,97,252,1135,854,152,222,736,739,86,264,836,837,72,234,851,747,71,227,814,829,121,186,771,798,102,240,806,916,113,235,756,729,98,218,809,842,108,203,753,833,90,209,889,900,77,219,756,825,118,213,784,975,101,219,794,908,100,268,756,976,107,270,795,996,106,246,805,945,90,190,834,865,52,178,735,988,97,189,802,949,98,183,766,916,104,196,840,936,112,214,800,966,110,149,734,818,88,118,750,719,75,180,750,943,103,177,691,890,104,160,761,908,104,191,741,897,85,185,774,937,105,163,762,753,77,151,802,774,68,163,679,857,98,167,709,899,83,174,755,916,102,172,637,1145,92,206,882,1293,120,151,745,873,100,128,778,819,65,219,915,940,121,169,757,901,108,162,699,882,82,172,814,1054,100,203,863,1187,110,177,759,988,88,131,667,819,65,174,762,827,91,147,719,818,98,158,632,893,97,173,704,923,84,187,820,1118,113,187,1018,955,102,134,755,897,95,201,789,860,88,158,670,877,89,148,647,768,79,223,726,843,91,258,687,859,87,190,621,731,73,173,646,754,61,283,632,804,91,238,607,877,92,269,645,896,111,268,686,797,82,265,676,883,74,269,652,718,68,186,608,636,47,221,591,758,85,219,644,787,73,231,660,880,92,145,363,480,41,237,637,820,74,258,602,627,68,225,615,621,42,151,540,752,87,146,550,762,86,160,692,833,82,155,651,832,89,167,637,886,71,172,632,723,65,114,648,661,61,117,521,500,66,339,645,803,90,221,623,810,70,249,608,789,97,230,645,801,81,236,580,632,46,165,546,528,52,236,557,728,65,262,548,838,72,253,633,790,57,297,570,793,66,226,621,764,72,219,532,645,39,163,486,521,44,0,0,0,0,249,581,784,63,0,0,0,0,172,567,747,73,141,612,717,81,117,567,632,68,110,522,514,28
12:00,184,572,551,66,335,837,976,110,375,821,930,106,341,780,926,101,265,713,745,74,296,794,930,107,303,720,932,86,286,753,879,105,307,804,971,106,335,799,949,118,287,825,884,86,281,841,776,73,329,765,935,88,320,781,944,132,332,788,971,121,355,757,993,164,294,752,1160,144,278,796,1060,108,244,825,879,86,183,909,835,102,177,705,887,91,191,698,947,79,196,723,958,101,209,784,945,120,176,696,833,79,155,642,655,53,208,733,878,80,187,758,964,97,183,714,901,90,165,744,922,88,174,755,887,96,188,737,902,91,140,743,724,58,188,725,896,97,197,750,909,93,188,716,942,109,219,691,960,99,225,680,1020,109,198,757,908,88,172,690,704,76,166,785,899,90,217,762,920,89,224,728,939,103,216,816,994,93,276,1054,1161,115,219,796,965,89,204,822,838,73,181,748,892,112,200,800,975,75,212,773,921,88,217,811,1048,102,218,764,1092,110,235,1021,1056,117,164,755,861,70,198,705,971,75,191,786,1016,87,200,718,1009,99,201,824,974,102,221,855,1069,99,205,768,832,80,161,799,904,58,179,739,943,105,208,774,1008,101,230,808,860,111,226,1036,1017,155,205,675,998,111,210,786,932,90,200,778,828,70,239,788,959,98,224,768,845,102,197,747,948,110,228,792,942,95,232,783,992,113,210,776,878,78,179,679,802,79,215,836,1022,100,186,712,905,103,222,811,929,119,207,756,986,116,233,828,1140,97,207,835,971,83,181,748,857,83,170,726,924,92,169,757,937,98,163,691,879,109,194,765,982,99,189,827,923,103,131,729,886,72,124,719,709,62,145,750,845,105,154,761,949,110,198,772,921,96,204,685,861,103,193,761,1035,126,136,690,874,83,127,673,720,71,155,706,873,94,176,729,851,120,156,784,974,96,175,644,1124,96,208,870,1326,106,113,679,843,89,106,670,894,81,165,792,901,83,152,703,865,93,145,701,889,109,175,754,1074,108,173,881,1250,138,144,783,1035,86,135,637,814,67,154,798,896,86,135,714,817,81,159,742,867,103,149,698,992,90,182,790,1237,120,152,1091,1292,117,138,745,942,83,153,662,815,93,137,645,806,101,166,603,771,68,217,681,820,93,255,722,864,98,198,594,767,66,203,605,711,66,235,632,868,60,227,650,805,63,228,672,871,95,298,668,857,81,255,715,896,85,239,603,795,73,195,600,636,30,215,592,761,63,225,638,795,85,218,729,846,75,252,653,764,71,263,680,780,68,202,607,711,52,165,584,622,47,123,569,722,79,135,617,769,73,136,625,753,89,143,592,796,89,167,640,831,91,108,634,722,53,127,541,633,45,95,513,566,61,252,621,819,64,241,629,770,89,279,606,797,73,272,655,878,81,213,557,641,55,165,472,553,42,206,583,738,59,270,604,726,71,277,615,900,75,266,632,853,79,242,548,785,59,221,479,616,46,171,448,506,36,0,0,0,0,249,690,792,69,0,0,0,0,151,717,770,92,135,678,794,68,132,512,604,57,85,429,497,34
13:00,195,516,573,52,306,797,895,93,390,830,907,113,349,798,849,78,229,648,698,88,311,747,882,92,316,712,927,84,313,772,866,115,298,757,968,135,298,807,922,124,281,765,949,84,254,787,806,78,301,782,935,113,316,782,984,150,348,846,928,156,311,746,1051,137,289,759,1036,142,252,807,911,111,279,832,747,92,182,949,895,97,167,778,903,109,189,784,833,116,211,752,942,117,201,737,1023,130,196,772,819,79,134,633,632,66,178,665,993,96,188,788,922,102,189,729,942,122,184,674,973,108,194,751,993,105,197,823,915,96,141,675,829,67,172,697,927,131,153,766,974,107,189,754,937,105,210,726,914,94,205,857,960,120,197,736,965,75,159,678,705,76,203,741,873,94,183,827,902,108,231,803,999,117,239,711,1022,106,225,960,1060,111,201,888,940,85,180,729,804,70,190,751,836,93,192,772,976,89,193,823,996,126,166,761,996,123,214,804,1069,109,205,968,926,109,172,712,781,64,213,744,914,103,204,771,1013,133,198,767,962,114,210,834,993,119,215,919,1036,99,118,613,665,77,162,1204,827,75,134,526,666,75,188,832,939,119,193,753,934,91,204,1578,1181,202,199,818,879,89,179,852,864,82,179,754,787,76,211,798,969,109,204,782,925,95,217,803,953,103,213,816,873,110,207,839,1040,114,211,720,871,107,166,712,786,67,183,801,942,108,168,701,917,106,211,789,1146,113,195,780,1045,104,246,819,1241,94,163,740,915,66,152,702,772,64,155,735,1046,108,159,704,936,102,188,821,1022,104,189,797,1069,126,228,783,1106,97,110,647,863,77,114,692,707,68,156,695,906,98,149,740,914,103,180,819,967,96,154,755,984,83,169,812,991,97,137,666,870,86,101,631,716,60,161,693,974,101,143,661,946,104,146,745,1012,99,164,735,1178,134,181,810,1417,117,132,735,972,94,108,645,921,83,138,747,890,100,144,699,870,111,152,745,880,90,183,771,1074,125,216,857,1357,115,143,786,1167,86,142,583,976,85,130,729,891,94,133,712,904,93,129,726,942,90,161,713,1008,131,192,843,1308,112,159,1141,1285,75,144,677,991,78,129,721,897,88,113,665,890,90,129,628,804,109,239,666,879,98,241,730,1009,101,187,639,830,69,188,657,771,53,242,598,733,83,263,668,885,76,248,672,930,77,275,655,874,84,295,668,884,81,213,565,775,62,194,515,631,48,223,585,842,62,241,621,906,78,253,695,876,101,219,628,878,76,257,666,873,71,188,545,644,39,150,479,560,34,118,568,755,58,137,619,766,73,124,628,866,101,144,640,873,98,179,712,990,88,117,538,781,77,98,578,629,64,99,468,596,56,260,638,803,85,272,632,818,80,287,629,868,82,252,649,922,82,214,510,657,53,183,449,542,35,360,553,786,87,266,635,781,78,363,678,917,88,417,653,939,107,251,595,864,84,160,487,644,56,158,380,538,50,0,0,0,0,248,542,720,82,123,258,356,53,184,334,463,58,117,555,760,66,127,504,594,75,89,449,516,37
14:00,201,493,646,91,336,793,1031,137,377,801,1120,124,325,757,927,109,247,632,738,85,370,832,1075,157,386,734,1141,126,376,769,1091,125,396,856,1298,160,443,885,1223,145,264,746,992,114,279,749,789,104,455,851,1205,141,441,870,1186,153,410,841,1126,155,443,863,1315,178,327,775,1269,155,306,781,977,139,287,772,764,85,209,1083,1072,131,240,772,1151,119,237,761,1067,130,251,790,1190,124,260,829,1134,88,180,685,880,99,162,585,615,55,231,773,1080,99,226,738,1148,138,195,690,1075,112,209,727,1254,152,252,838,1229,148,179,683,914,88,155,583,755,80,214,825,1046,119,211,972,1243,149,221,708,1161,134,233,796,1203,142,265,760,1113,156,153,680,1006,98,194,655,728,95,158,705,1015,128,242,813,1160,124,295,833,1279,108,250,789,1296,116,298,875,1343,142,209,792,1007,79,176,664,805,95,171,708,973,117,275,818,1164,149,206,758,1102,118,267,826,1280,146,275,836,1291,103,212,995,975,114,148,640,781,74,229,756,1202,114,257,821,1214,142,233,781,1179,119,258,858,1165,128,296,958,1291,147,123,523,539,49,168,1344,934,85,193,578,858,104,260,821,1163,137,260,737,1069,115,228,1455,1328,231,267,831,1267,133,171,738,910,88,191,674,746,80,243,777,1139,110,272,733,1083,120,243,760,1165,101,274,816,1079,108,320,901,1238,123,186,692,845,104,157,612,720,74,269,857,1217,121,282,793,1231,160,243,764,1186,111,315,862,1298,133,313,866,1274,126,184,734,947,87,173,649,750,76,203,754,1155,118,209,794,1158,125,238,753,1050,107,235,759,1128,125,255,859,1261,152,125,667,879,86,107,595,706,70,213,742,1020,142,225,757,1048,118,214,745,1142,122,247,813,1107,131,228,923,1157,121,125,690,811,86,106,568,707,52,195,760,1137,127,196,765,1154,122,185,709,1156,91,193,746,1301,119,236,908,1590,161,138,678,1103,110,99,622,911,81,212,843,1050,94,218,747,1086,102,205,778,1157,119,245,815,1254,110,241,936,1395,118,164,721,1440,113,125,617,1003,84,127,703,882,122,136,673,930,102,132,676,943,119,153,755,1009,115,204,791,1351,128,140,1348,1223,128,122,662,1015,71,195,741,952,101,177,693,1023,128,153,708,1047,92,332,712,1055,127,360,790,1043,120,157,597,780,84,158,532,685,45,339,733,1045,85,347,772,1044,131,345,726,1039,103,353,740,988,113,346,711,1056,90,210,522,733,70,156,457,597,57,352,619,965,73,352,688,967,93,339,670,872,65,374,761,973,92,380,635,1018,100,199,562,782,71,178,457,628,44,188,690,976,94,208,657,1035,109,181,668,932,79,201,682,1113,92,216,727,1170,114,128,563,768,69,96,518,614,50,77,496,591,42,331,711,1004,88,309,641,933,118,368,696,1004,103,419,692,1037,107,172,489,664,62,141,427,527,43,304,658,988,91,375,721,1000,91,353,641,969,95,319,641,984,77,259,595,861,58,185,471,671,66,164,394,489,32,0,0,0,0,218,631,862,78,181,295,511,61,185,330,526,67,181,352,531,67,129,260,375,30,102,206,295,34
15:00,224,526,721,50,360,726,1146,106,400,808,1223,98,317,708,895,83,224,506,761,68,432,818,1266,121,414,802,1107,109,415,835,1229,148,466,877,1227,152,493,873,1427,164,267,709,961,92,340,634,790,73,472,845,1289,155,486,938,1266,154,472,850,1331,170,533,919,1426,179,409,890,1367,174,366,878,955,150,306,723,780,71,166,689,1059,107,255,847,1248,151,250,791,1121,104,276,806,1247,133,267,795,1123,138,178,667,907,74,160,550,682,45,266,750,1220,115,291,836,1166,126,268,769,1237,108,247,814,1279,128,250,783,1121,139,149,644,904,83,121,546,713,67,230,735,1248,121,228,1035,1390,143,220,747,1242,111,241,841,1163,152,288,841,1357,143,223,663,1029,113,141,473,684,82,164,705,1158,130,249,835,1190,142,282,775,1320,110,273,812,1276,112,278,881,1351,149,188,755,1001,92,157,607,834,76,173,649,1051,86,274,833,1341,147,197,775,1274,109,238,862,1327,129,271,836,1407,106,188,822,1001,79,157,569,816,59,244,769,1299,107,233,800,1341,128,260,796,1347,89,253,868,1160,120,291,938,1238,121,161,701,851,88,146,708,769,85,238,729,1235,135,231,826,1270,144,289,795,1155,97,247,985,1282,225,288,824,1355,115,190,690,937,104,175,587,790,62,272,792,1158,123,282,788,1215,97,297,798,1196,110,260,856,1194,111,292,863,1234,126,185,617,893,81,148,601,770,75,247,1168,1324,123,255,814,1270,115,245,829,1225,112,283,829,1335,156,229,811,1347,131,181,682,1002,75,169,611,718,60,196,732,1159,113,235,828,1154,122,194,763,1258,129,204,839,1138,152,184,948,1117,121,144,619,816,83,92,571,655,73,234,817,1022,163,212,784,1026,136,238,808,1093,120,233,791,1054,132,231,943,1134,125,122,558,781,70,105,563,648,74,231,764,1105,135,192,773,1120,129,225,738,1034,118,222,770,1257,115,258,835,1518,153,120,715,1220,99,126,583,1043,83,189,814,934,122,187,797,1020,117,195,873,1058,122,281,703,1168,154,268,804,1328,154,150,709,1283,91,109,632,980,77,133,626,891,127,131,656,966,108,134,632,892,121,163,669,1009,134,176,861,1300,138,133,907,1250,113,125,661,986,82,196,707,978,120,167,876,1050,121,159,700,977,93,396,732,1116,132,369,759,1047,127,154,576,721,67,157,508,672,48,428,703,1124,95,401,748,1087,101,376,692,967,93,388,749,1029,97,404,737,1189,110,198,530,685,48,172,476,590,52,349,602,982,78,405,730,1024,115,375,683,981,102,436,681,1021,110,413,686,1080,89,217,469,651,58,172,451,559,55,202,716,987,95,183,662,971,97,204,654,971,61,193,724,1022,84,220,683,1070,100,117,504,700,71,121,449,567,41,79,429,506,44,379,656,945,90,375,641,987,92,385,749,949,99,423,679,1006,103,176,438,614,45,162,413,524,33,370,672,927,85,414,617,1129,64,342,624,943,88,303,635,867,92,227,564,898,77,198,492,600,42,172,365,519,42,0,0,0,0,203,554,933,81,165,297,542,59,218,294,499,52,177,303,515,52,129,240,348,30,94,168,249,26
16:00,213,483,675,53,383,740,1095,76,375,746,1118,87,336,711,815,78,259,572,658,56,366,673,1231,87,362,705,1244,87,375,738,1226,85,385,733,1316,79,395,806,1390,116,299,789,946,67,262,700,744,58,471,801,1383,109,388,730,1370,95,479,759,1391,111,467,855,1364,167,413,809,1281,133,466,923,992,99,320,782,724,59,189,656,961,81,245,665,1254,99,215,675,1212,76,262,723,1270,112,255,745,1171,99,195,617,823,75,126,467,631,61,232,634,1185,116,260,707,1342,105,240,724,1171,77,255,801,1210,88,219,749,1253,77,168,737,906,82,160,608,704,50,245,722,1247,79,217,946,1408,80,248,757,1329,64,224,691,1318,100,257,818,1308,86,205,680,812,78,91,372,478,29,200,661,1166,81,197,683,1155,113,266,649,1357,79,262,650,1155,92,245,836,1358,76,194,799,924,54,189,641,703,58,176,647,972,74,257,721,1286,81,234,764,1385,63,254,790,1349,73,239,821,1316,57,181,707,902,42,131,536,746,28,214,686,1257,56,221,726,1316,56,206,735,1232,52,262,738,1247,81,231,806,1240,67,161,687,744,64,127,691,774,35,229,765,1259,73,254,799,1205,73,274,770,1231,100,225,776,1196,170,206,767,1297,37,175,806,998,24,182,623,862,57,232,707,1282,100,255,665,1318,91,280,710,1321,96,229,813,1308,94,240,759,1293,113,162,638,872,84,157,574,842,65,219,955,1387,111,230,711,1355,112,234,731,1342,109,245,739,1304,109,205,741,1360,109,194,704,922,76,137,570,758,65,191,664,1252,93,177,666,1286,109,182,671,1194,85,185,760,1196,105,165,736,1228,124,123,644,827,100,94,557,624,55,184,780,1113,99,185,753,1202,105,173,728,1222,98,179,753,1219,99,183,835,1266,113,127,644,840,92,101,502,716,57,197,656,1166,103,188,679,1148,87,171,748,1181,103,202,744,1385,94,269,572,1675,112,160,651,1198,101,113,646,1024,83,158,735,1069,129,168,659,1157,92,159,854,1186,110,248,629,1383,123,241,700,1726,105,142,590,1259,89,123,516,951,80,138,638,942,92,144,645,973,90,133,655,1013,94,146,748,1068,111,186,856,1491,134,150,994,1246,75,143,627,938,85,149,593,1040,86,174,615,1102,104,150,602,1061,87,288,635,1077,98,276,695,1238,98,193,560,753,91,165,429,621,34,294,633,1148,64,306,678,1117,92,336,597,1063,75,286,656,1089,63,293,648,1040,83,228,557,658,51,194,459,576,54,268,513,1020,82,287,579,1069,97,268,606,1151,65,269,648,1108,63,274,610,1142,73,198,547,647,36,155,451,551,46,159,585,969,60,177,559,1040,62,151,548,1047,68,148,591,997,60,149,638,1094,78,126,550,664,50,105,522,558,49,85,392,541,32,274,579,1046,64,304,595,1074,100,298,621,1108,60,286,568,900,71,160,459,576,57,135,359,574,45,237,513,931,64,301,617,992,65,274,565,948,85,247,553,841,45,231,570,853,62,195,449,573,32,156,385,468,31,0,0,0,0,257,502,853,59,145,267,520,62,168,264,482,55,167,320,493,52,117,246,326,21,111,191,245,15
17:00,190,532,564,63,335,770,999,91,326,780,1028,101,282,736,758,75,217,560,634,46,268,744,1081,82,309,703,1071,78,325,733,1203,79,345,751,1118,101,360,862,1155,91,282,733,795,78,227,540,677,66,374,753,1092,96,359,892,1212,93,390,859,1167,99,402,888,1172,131,454,929,1129,102,399,861,855,84,261,668,659,61,169,644,829,66,319,666,1082,97,267,739,1058,82,284,764,1049,67,255,699,1033,89,211,728,717,57,133,426,497,42,247,574,842,68,235,615,917,83,239,750,1104,92,263,708,1081,83,293,760,1063,82,212,588,739,58,173,514,612,52,245,690,1065,75,258,750,1120,71,287,735,1202,88,248,757,1061,76,275,765,1106,89,206,585,766,54,90,276,369,39,228,618,1046,69,276,632,1051,85,254,664,1140,87,246,658,1046,90,260,768,1155,91,191,672,836,72,179,547,699,56,185,557,780,76,244,715,1122,78,221,711,1183,74,243,739,1218,94,268,737,1201,95,191,606,791,72,147,538,785,59,218,621,1259,83,217,696,1372,101,207,717,1269,89,236,766,1171,85,219,808,1140,84,178,628,752,86,149,590,755,48,189,590,1064,74,242,725,1159,71,256,719,1164,88,233,723,1165,169,228,799,1295,71,170,704,1067,72,170,565,847,26,209,740,1269,63,229,632,1339,89,215,762,1361,80,207,774,1319,54,219,827,1341,76,149,632,992,50,158,551,826,48,216,776,1471,75,205,775,1384,47,175,784,1387,41,192,700,1331,39,218,760,1215,50,146,689,916,39,134,524,796,31,155,694,1332,48,179,696,1348,54,177,629,1309,47,189,710,1264,64,174,704,1200,50,119,606,867,62,107,490,673,44,152,701,1259,61,191,820,1328,70,191,770,1295,82,179,800,1289,76,173,778,1245,71,130,567,855,63,91,468,712,37,159,667,1210,58,151,659,1363,73,148,705,1310,62,195,758,1528,86,261,621,1589,99,195,497,1053,93,166,398,914,45,151,644,1154,90,142,658,1218,68,184,721,1242,88,147,748,1338,93,264,669,1464,103,206,421,1001,62,97,470,856,53,107,620,1051,59,134,650,1031,59,111,638,1071,72,129,660,1198,95,166,798,1431,98,125,656,949,67,131,545,854,78,145,636,1133,73,116,616,1175,68,115,590,1194,67,262,647,1224,71,232,667,1099,86,193,547,850,48,126,396,554,30,288,595,1126,104,266,621,1316,78,256,667,1219,73,265,647,1162,51,296,637,1089,62,204,503,877,61,153,393,637,30,270,501,1072,62,256,610,1143,81,277,589,1216,47,265,579,1178,53,274,583,1121,76,210,499,749,41,143,384,630,36,158,550,1001,61,138,541,1054,65,161,606,1050,72,138,579,1088,63,150,601,998,38,103,480,768,51,93,421,616,37,73,373,471,30,225,507,1037,41,295,623,1166,38,270,582,1051,69,275,636,1096,108,176,461,621,46,150,363,531,33,254,496,1018,53,324,605,1003,60,255,554,1086,55,229,540,957,43,223,500,1022,34,171,404,638,43,120,322,514,25,0,0,0,0,223,530,951,42,178,289,476,35,158,313,515,22,231,275,433,42,133,236,316,26,94,182,235,12
18:00,160,475,536,60,221,643,788,79,251,694,891,76,228,569,687,111,165,434,553,28,157,494,718,65,156,549,839,67,212,636,823,76,192,624,851,57,248,676,897,77,182,597,725,51,197,524,574,41,192,562,767,71,230,782,841,84,254,736,829,100,279,824,899,97,256,896,921,78,210,800,669,75,191,660,661,50,167,574,705,60,179,674,773,52,181,574,837,64,237,741,899,49,242,793,1020,90,225,659,761,65,144,429,601,36,160,552,816,53,212,615,898,65,238,676,884,68,220,700,930,83,302,763,914,72,197,640,803,73,153,566,691,49,210,633,863,80,244,667,857,63,226,720,991,64,239,740,939,72,237,776,1019,80,224,669,853,61,127,396,392,39,185,607,917,77,230,703,1005,76,249,698,980,69,268,726,977,65,285,839,1056,81,240,726,842,57,241,636,667,57,207,684,814,65,213,768,987,70,269,766,969,77,272,730,979,111,280,843,1015,98,193,720,791,52,233,602,722,39,242,649,941,77,240,735,960,72,246,747,1045,67,269,767,968,95,284,795,981,95,198,659,831,64,156,595,672,56,261,649,970,70,253,687,1100,74,259,730,1094,87,241,728,977,98,238,725,955,80,224,666,759,68,117,531,718,36,158,539,858,44,132,503,756,50,160,542,914,49,159,602,905,48,159,687,971,60,161,608,881,61,151,500,654,35,148,562,794,38,162,579,925,40,167,656,852,44,145,608,907,51,181,695,888,43,156,650,747,40,112,503,614,30,116,574,893,26,120,557,896,26,108,546,777,30,124,579,807,32,137,677,806,53,106,569,678,35,77,462,557,25,107,525,722,29,138,569,777,55,127,621,853,38,133,621,840,56,131,726,887,43,103,582,668,40,95,453,606,33,117,521,715,42,129,609,749,32,127,602,786,54,143,634,1128,49,160,622,1147,43,91,581,808,54,114,421,703,60,98,523,748,44,104,523,859,41,93,595,808,53,138,687,944,54,130,648,957,68,105,546,839,56,80,415,618,30,108,498,659,47,105,525,757,47,107,596,790,51,114,569,896,52,136,734,1015,72,109,707,847,92,80,476,602,47,108,544,740,64,78,447,762,33,94,536,789,40,157,554,795,51,165,601,815,71,149,601,687,43,172,381,532,28,151,354,567,73,172,487,804,46,198,498,814,48,200,445,736,31,214,525,712,52,151,491,657,34,130,358,467,28,185,410,693,34,194,456,729,27,193,489,729,35,215,518,762,27,195,548,733,59,168,460,551,54,134,378,544,37,95,411,635,30,113,407,687,40,90,459,656,40,118,466,683,35,126,523,724,38,105,454,668,38,92,401,561,18,77,347,419,41,148,394,692,43,166,458,690,36,186,420,724,27,248,460,717,54,146,414,471,30,137,346,515,17,175,412,669,27,215,520,656,27,208,502,660,26,162,442,661,29,183,422,635,35,140,405,535,39,122,273,431,24,0,0,0,0,174,413,651,39,95,210,333,6,144,196,343,3,158,220,386,12,126,201,318,26,103,180,235,0
19:00,126,411,445,41,127,423,606,56,152,497,583,54,136,439,566,45,139,361,427,45,113,392,475,36,115,417,572,38,131,462,553,58,132,470,572,54,182,568,669,44,143,495,544,49,127,381,495,31,134,415,546,39,143,597,611,54,137,492,619,72,176,551,656,47,260,821,681,47,310,873,624,58,155,477,562,60,96,445,504,39,149,465,488,43,146,452,634,48,132,519,640,34,162,575,821,51,156,577,658,46,126,372,514,33,100,430,596,34,143,453,582,37,122,429,682,58,165,463,688,55,146,524,745,49,157,513,592,42,137,418,570,41,138,505,663,35,181,439,669,59,161,497,686,54,170,523,759,49,162,618,791,66,140,533,715,52,211,482,577,59,170,486,695,49,185,553,696,45,162,436,718,55,340,573,1130,71,200,667,874,60,148,552,645,39,148,504,574,48,157,492,660,33,221,539,747,58,185,511,768,74,195,536,806,58,175,599,714,60,165,552,673,57,132,498,569,40,186,523,715,62,208,528,857,59,187,532,769,57,201,550,768,64,194,590,867,44,167,610,675,45,126,517,617,51,171,538,827,53,191,556,780,50,176,531,923,54,205,495,866,74,183,627,932,42,167,584,785,45,149,564,664,41,244,556,688,52,176,519,655,56,208,593,721,48,197,513,803,51,191,673,897,181,143,592,712,48,186,515,556,50,230,529,664,50,190,512,697,28,208,486,670,43,184,606,682,63,197,684,747,35,153,581,627,52,128,474,582,32,151,469,685,55,151,501,631,42,142,486,626,47,143,521,662,53,132,553,724,54,101,513,541,45,98,491,485,37,154,485,684,48,129,404,595,44,130,467,660,39,143,479,701,50,126,574,624,67,106,526,557,32,101,409,496,47,157,439,596,50,123,447,616,39,127,502,670,30,154,524,840,53,118,535,749,39,98,499,548,36,97,417,568,55,129,434,559,35,115,465,584,44,110,436,630,39,133,527,811,41,99,465,727,30,103,500,601,36,72,420,477,44,72,424,558,43,83,400,515,33,86,417,545,37,120,504,635,43,93,455,640,52,97,427,477,32,82,363,413,38,118,348,507,41,97,340,466,26,97,364,461,34,169,403,597,33,100,454,630,40,97,400,556,48,83,268,426,12,189,353,545,88,138,362,526,33,166,318,559,29,156,335,566,30,181,413,611,38,150,431,594,48,137,347,500,16,147,287,482,27,158,295,539,20,179,337,575,22,151,374,589,23,138,414,600,45,124,396,530,26,100,298,495,20,111,299,495,21,86,348,499,26,74,284,517,25,90,348,538,22,104,387,601,22,109,389,551,23,128,395,471,29,90,317,387,17,105,275,520,22,109,284,567,22,123,323,595,17,234,413,621,28,131,327,527,34,100,248,492,19,127,331,523,17,139,266,408,17,116,275,515,22,122,326,521,10,154,354,570,21,85,314,446,15,102,250,403,15,0,0,0,0,129,304,568,16,79,163,265,17,137,212,273,7,155,228,324,19,107,190,306,13,69,210,192,5
20:00,90,334,366,29,89,344,442,30,119,392,489,46,113,361,446,27,106,323,424,55,84,307,417,24,85,338,460,27,117,343,489,32,140,392,574,39,129,421,513,41,142,433,545,41,106,331,375,30,112,329,438,27,130,434,499,41,142,434,552,45,109,393,557,47,183,599,540,35,205,684,477,51,107,405,534,31,91,359,448,27,113,346,451,26,132,431,645,34,118,382,590,30,127,459,677,46,208,461,546,40,99,263,431,25,141,321,456,15,130,356,529,34,107,329,580,29,136,373,576,43,118,411,588,39,127,499,474,34,79,387,536,28,117,409,581,38,134,394,546,29,115,365,554,35,136,390,578,45,122,461,657,34,132,447,587,38,139,414,426,35,109,383,520,30,146,377,492,31,141,387,582,32,188,393,848,31,175,561,697,38,140,441,661,46,153,400,581,37,108,400,499,39,136,415,586,31,149,390,618,61,163,404,611,61,133,458,685,51,121,472,609,37,127,426,500,32,140,408,535,32,163,433,601,31,146,467,651,49,147,399,716,45,155,436,610,41,144,435,549,36,131,438,518,34,143,379,613,25,154,457,741,42,163,444,758,31,157,434,874,66,134,465,768,20,158,490,770,46,126,469,627,39,175,420,778,65,116,449,654,34,140,477,807,46,203,421,710,37,172,507,894,146,151,520,757,36,142,412,526,51,144,425,570,43,162,452,679,49,144,465,660,39,166,449,704,35,192,495,702,50,190,551,621,54,140,434,587,42,133,455,604,24,117,433,720,71,129,509,627,39,134,502,681,46,141,510,769,57,116,548,650,40,108,402,558,46,102,378,567,37,108,429,606,35,158,438,592,43,147,495,727,39,142,484,638,42,136,519,560,45,90,443,555,39,145,502,570,81,129,469,642,29,130,514,726,48,151,582,926,49,131,512,728,35,137,595,651,50,101,410,650,54,113,463,563,31,125,459,553,35,105,434,831,41,148,516,1103,60,123,484,858,48,105,510,603,48,131,454,474,35,101,471,502,22,95,430,534,38,98,500,601,37,138,542,731,62,138,522,711,42,131,535,580,41,128,480,496,35,97,382,517,42,101,426,496,35,102,421,545,37,106,370,590,31,108,471,602,48,111,416,452,27,114,332,370,24,121,335,415,39,121,378,530,33,126,383,472,37,137,367,528,36,131,440,555,34,138,471,532,38,121,361,420,39,111,333,436,38,146,383,473,24,139,370,515,31,134,393,578,40,137,402,534,33,127,398,458,36,109,344,492,22,140,335,490,23,153,337,561,22,131,331,579,41,121,356,489,34,143,426,526,38,129,494,523,42,136,428,566,46,94,308,390,22,129,331,471,31,136,381,461,33,168,270,478,30,192,388,432,35,114,312,395,32,85,249,394,20,121,289,410,26,103,284,461,27,130,239,464,22,157,304,453,30,132,364,485,23,107,295,420,27,111,273,390,26,0,0,0,0,106,239,434,22,125,351,468,24,136,346,441,18,129,355,484,27,136,316,428,30,112,294,398,26
21:00,55,248,275,10,105,343,388,34,100,338,469,40,111,348,424,23,62,232,275,33,59,245,325,17,90,283,347,12,76,280,365,18,88,274,403,28,117,356,403,33,109,350,503,35,81,222,315,17,62,262,289,12,121,408,392,20,86,353,425,42,97,322,532,35,155,447,544,31,150,433,463,49,108,334,418,25,57,266,323,15,68,270,336,28,92,284,433,22,97,339,488,21,93,381,571,34,106,369,456,30,66,258,330,15,94,259,356,16,98,290,371,16,79,250,381,22,102,294,451,27,103,354,475,36,106,379,469,26,85,277,329,16,73,320,388,16,126,297,354,23,114,343,411,16,118,321,472,26,114,387,563,47,115,395,511,34,64,262,291,5,85,322,376,25,99,303,460,25,112,340,437,20,160,341,605,40,149,401,560,34,127,426,581,42,88,333,407,21,105,328,427,26,104,348,423,20,123,348,483,34,138,370,519,35,151,443,564,38,129,407,580,40,88,321,378,25,106,350,399,37,141,322,487,26,121,335,514,32,121,387,601,45,126,432,620,28,133,473,512,28,74,326,358,23,109,346,428,23,136,368,644,28,108,351,560,13,114,402,764,61,152,444,776,44,133,432,706,24,100,388,520,31,114,374,623,25,81,393,489,23,113,372,624,35,111,397,784,45,136,440,668,31,157,481,626,37,113,371,488,35,117,373,541,19,81,410,457,24,131,391,627,37,110,423,595,39,156,479,641,48,182,493,655,44,117,414,425,39,105,391,409,25,129,358,473,36,118,398,506,21,100,375,545,28,114,493,716,54,110,420,632,62,50,344,425,25,130,330,477,38,83,334,415,33,90,370,493,31,126,314,545,32,114,429,555,48,106,473,552,34,72,325,433,31,102,462,434,33,134,368,510,33,123,448,631,33,158,504,843,51,124,446,608,47,116,478,594,37,94,424,452,32,111,372,420,27,106,322,486,29,121,355,596,33,152,424,889,43,103,450,710,45,103,453,526,25,96,358,358,21,90,403,405,21,67,354,434,22,98,387,443,33,142,426,687,39,140,536,659,43,137,530,599,37,112,383,457,20,106,350,392,23,90,323,436,19,110,320,427,16,96,345,506,15,119,389,575,35,107,456,506,28,78,268,346,23,93,303,351,26,118,326,443,25,126,292,437,27,96,320,454,24,132,373,506,31,129,450,488,47,98,287,347,17,104,279,324,18,95,272,384,15,111,312,389,21,141,313,482,25,129,416,467,26,114,385,429,24,75,270,363,13,74,284,380,19,99,287,436,15,94,305,470,18,123,322,476,41,122,379,478,33,139,375,514,22,155,413,525,33,97,241,324,23,81,277,348,12,93,257,398,21,121,291,434,21,125,327,452,32,94,337,458,14,67,227,307,18,87,251,350,20,91,242,528,15,106,228,470,15,94,285,425,34,94,324,416,14,96,282,426,19,74,239,334,15,0,0,0,0,84,226,356,25,97,263,394,14,151,253,382,22,186,299,465,27,145,279,427,30,98,227,353,13
22:00,47,174,231,13,69,186,238,12,59,265,273,16,77,242,290,23,42,133,161,24,37,123,126,7,50,161,203,8,48,150,273,13,50,162,283,14,94,240,281,23,99,251,342,23,34,140,189,6,45,146,164,6,50,177,224,16,45,193,220,9,73,187,313,19,87,327,317,21,100,336,314,27,64,197,253,15,30,139,195,5,48,149,182,4,38,161,234,7,44,178,243,13,92,249,392,24,92,249,317,29,30,112,203,11,62,136,179,7,49,169,261,10,44,142,283,7,57,183,274,19,80,268,363,22,84,264,345,13,33,157,246,17,41,159,198,7,49,186,191,11,59,177,232,7,54,212,263,18,102,296,370,28,86,302,360,27,46,125,205,9,57,139,210,7,40,167,230,7,45,190,286,14,77,208,472,26,110,401,404,19,81,265,373,20,56,189,212,13,50,188,222,6,67,208,231,11,48,197,373,18,66,189,319,17,88,311,329,34,93,309,383,31,51,171,251,15,47,204,201,5,58,210,275,12,62,194,302,16,65,168,335,28,87,354,462,31,90,292,399,24,53,207,238,19,58,205,245,17,74,252,367,26,56,258,372,12,53,272,666,49,78,349,523,18,107,386,671,25,89,279,495,16,66,287,393,15,47,222,343,10,76,251,451,25,71,232,390,11,77,295,440,27,81,353,470,16,73,206,254,12,69,190,215,19,62,220,264,16,62,237,330,23,62,240,335,20,101,374,474,44,138,305,487,31,85,200,293,20,50,205,242,14,41,252,265,15,44,218,273,18,50,224,356,20,68,355,434,17,70,320,450,22,51,180,230,14,34,188,179,10,34,197,183,7,52,212,319,23,67,190,295,21,86,377,470,38,66,363,453,24,30,183,244,14,48,201,244,18,57,229,262,13,78,285,420,14,105,386,660,35,104,359,543,37,78,436,498,27,82,263,370,28,47,242,212,12,39,209,288,10,55,259,390,18,81,346,697,33,71,302,469,26,70,330,441,24,53,218,280,20,41,216,240,17,44,210,276,20,52,202,296,30,100,317,442,33,113,360,552,51,109,311,456,44,80,227,320,17,43,226,214,17,44,196,251,15,45,185,243,16,52,222,322,23,91,302,346,38,70,314,380,28,37,117,182,11,56,196,207,11,54,141,242,8,54,201,336,18,55,170,248,7,91,291,358,29,113,321,335,31,62,181,190,10,51,155,211,13,49,160,186,12,61,162,263,11,55,178,288,17,97,276,346,16,83,272,355,35,54,141,262,13,43,160,256,13,48,165,300,10,67,159,265,21,60,151,302,6,88,265,398,27,106,325,439,21,99,251,341,21,50,139,214,8,62,161,286,11,64,166,286,19,73,228,293,11,85,220,353,15,94,222,331,22,40,117,216,6,42,155,213,12,58,144,299,17,65,166,273,9,62,150,244,13,70,198,344,21,67,204,337,21,56,149,224,9,23,42,62,3,78,152,224,14,44,149,206,8,47,156,240,13,83,227,249,22,90,192,329,16,52,151,268,10
23:00,29,78,100,7,38,86,129,5,31,94,142,9,39,117,194,10,23,62,97,17,17,54,124,1,19,62,109,2,18,66,136,8,33,66,113,6,38,99,135,5,57,130,201,9,16,63,107,5,9,49,98,4,19,82,131,3,21,86,121,9,24,93,170,12,31,179,209,9,37,151,174,13,35,81,150,8,26,83,240,6,18,54,92,1,19,54,111,5,26,76,119,4,34,117,223,6,49,120,213,19,18,51,99,3,20,50,115,1,15,67,138,3,19,62,108,4,26,69,126,5,34,128,198,13,38,108,206,8,19,60,139,4,26,64,97,2,12,50,135,1,32,69,125,5,20,65,122,4,44,156,217,11,49,107,232,9,23,81,119,7,19,56,112,6,23,71,140,2,20,70,92,4,22,59,175,11,55,166,281,15,57,118,188,27,41,89,155,3,13,48,107,1,24,69,135,4,26,75,136,9,38,79,132,4,53,131,241,10,58,171,252,7,36,83,111,7,30,72,99,6,23,81,118,6,27,81,108,4,25,90,167,11,56,142,240,8,52,150,215,25,33,93,117,7,35,111,127,5,33,117,184,8,24,105,183,3,45,108,345,38,60,196,410,7,47,173,392,14,36,114,196,8,38,123,249,10,31,114,289,7,33,98,162,4,34,95,177,9,58,186,244,11,83,170,254,22,30,90,158,9,26,80,142,7,39,85,162,8,31,112,161,4,24,83,161,11,63,193,217,13,72,153,256,26,26,90,143,9,17,92,122,4,16,89,160,7,18,96,139,4,33,108,172,9,27,180,210,16,41,176,262,24,17,81,135,6,18,62,133,2,19,59,137,10,25,86,136,5,19,99,171,10,34,161,229,12,62,165,265,28,22,94,145,7,20,113,136,3,24,86,167,13,31,107,168,9,91,255,446,21,67,175,346,21,96,257,401,38,62,158,307,26,22,117,149,3,27,81,137,7,29,97,204,8,64,176,384,14,45,167,315,13,70,219,310,24,93,159,260,35,19,100,152,4,21,106,171,14,25,87,130,10,58,159,287,16,216,196,480,65,207,176,439,83,194,130,315,40,20,79,99,5,20,57,116,10,15,52,95,3,21,97,129,3,20,166,225,12,51,158,230,20,35,68,125,26,19,94,108,4,18,71,129,9,20,64,208,4,32,82,140,4,49,131,216,7,85,175,214,31,26,63,120,6,26,68,101,3,23,81,120,1,33,78,148,2,25,94,169,17,55,138,206,7,59,164,250,12,33,58,144,2,24,80,149,4,28,63,154,6,32,68,164,7,34,76,143,6,43,128,293,7,85,154,265,19,39,128,213,8,9,64,136,3,17,79,128,8,30,74,156,4,45,111,176,7,50,147,214,20,54,140,199,5,28,76,129,3,21,50,113,6,44,62,167,12,25,53,118,7,23,64,166,7,34,113,168,4,54,120,196,14,25,72,106,4,16,73,121,6,37,55,124,12,30,74,93,2,17,77,129,7,36,109,181,5,47,116,201,8,22,75,170,6
