Time,Strength,Firsts,Lasts,Minimum,Maximum
4/11/2025 0:00,35.19,34.96,35.91,41.94,31.24
4/11/2025 1:00,35.84,36.62,36.72,41.75,32.97
4/11/2025 2:00,35.99,36.22,36.59,41.31,32.5
4/11/2025 3:00,34.35,33.79,34.61,38.11,31.21
4/11/2025 4:00,34.69,34.12,34.99,38.04,32.08
4/11/2025 5:00,36.75,36.27,37.04,40.3,33.85
4/11/2025 6:00,41.36,40.21,41.93,45.9,37.36
4/11/2025 7:00,35.05,34.66,35.26,41.91,30.48
4/11/2025 8:00,28.71,28.94,28.68,36.98,24.44
4/11/2025 9:00,29.07,28.65,28.7,36.07,24.66
4/11/2025 10:00,29.71,29.08,29.86,36.81,25.19
4/11/2025 11:00,28.49,28.2,28.41,34.3,24.1
4/11/2025 12:00,27.46,26.99,27.27,34.51,22.42
4/11/2025 13:00,29.81,29.15,30.06,37.9,24.55
4/11/2025 14:00,30.19,30.82,30.61,38.4,25.44
4/11/2025 15:00,25.06,23.92,25.38,30.66,20.75
4/11/2025 16:00,25.13,23.55,25.32,30.72,19.92
4/11/2025 17:00,34.69,32.86,35.62,43.96,28.67
4/11/2025 18:00,32.51,31.74,31.36,41.78,25.78
4/11/2025 19:00,32.48,31.45,32.23,42.25,25.06
4/11/2025 20:00,32.34,32.12,32.35,41.79,26.12
4/11/2025 21:00,32.95,32.78,32.92,40.93,28.16
4/11/2025 22:00,34.32,33.88,34.1,41.56,29.4
4/11/2025 23:00,34.89,34.38,34.61,41.43,30.09
4/14/2025 0:00,36.19,34.68,37.34,40.64,31.54
4/14/2025 1:00,32.31,31.11,34.12,39.09,28.17
4/14/2025 2:00,32.87,31.66,33.82,39.7,28.52
4/14/2025 3:00,37.29,37.34,38.09,44.14,32.33
4/14/2025 4:00,39.94,39.92,41.03,46.17,36.27
4/14/2025 5:00,41.41,41.72,41.66,47.56,37.84
4/14/2025 6:00,39.95,39.77,40.24,45.92,36.45
4/14/2025 7:00,33.28,33.43,33.62,42.82,28.24
4/14/2025 8:00,24.93,24.7,25.09,35.48,20.22
4/14/2025 9:00,24.99,24.86,25.32,34.32,20.04
4/14/2025 10:00,25.18,25.17,25.16,32.92,20.26
4/14/2025 11:00,25.13,24.96,24.79,32.42,20.23
4/14/2025 12:00,31.55,31.33,31.63,39.14,26.97
4/14/2025 13:00,33.45,33.63,33.94,41.39,28.61
4/14/2025 14:00,33.6,32.54,35,42.48,28.04
4/14/2025 15:00,33.28,32.31,34.26,41.32,28.26
4/14/2025 16:00,31.88,31.48,32.48,38.28,27.56
4/14/2025 17:00,34.01,33.83,34.56,39.28,29.19
4/14/2025 18:00,35.49,35.18,35.8,40.39,32.18
4/14/2025 19:00,36.56,35.88,37.08,43.61,31.66
4/14/2025 20:00,36.85,36.18,37.69,42.86,31.78
4/14/2025 21:00,35.71,35.9,36.52,41.94,30.32
4/14/2025 22:00,37.31,37.62,37.95,42.28,33.33
4/14/2025 23:00,38.59,38.45,38.84,44.19,34.99
4/15/2025 0:00,39.37,39.48,39.53,46.07,35.63
4/15/2025 1:00,39.36,39.56,39.7,45.3,35.32
4/15/2025 2:00,39.08,38.75,38.77,45.22,34.58
4/15/2025 3:00,38.98,38.57,38.77,45.75,34.73
4/15/2025 4:00,39.2,39.02,39.94,45.64,35.51
4/15/2025 5:00,40.89,40.52,41.14,46.87,37.35
4/15/2025 6:00,40.13,39.03,40.51,44.25,37.13
4/15/2025 7:00,35.8,35.31,35.88,41.88,30.94
4/15/2025 8:00,30.83,30.29,31.59,39.91,25.07
4/15/2025 9:00,27.77,26.85,28.49,37.28,22
4/15/2025 10:00,30.12,29.52,30.7,37.92,25.31
4/15/2025 11:00,34.5,33.95,35.13,42.39,29.16
4/15/2025 12:00,32.65,31.83,33.23,40.27,26.93
4/15/2025 13:00,34.93,34.07,35.25,41.98,29.39
4/15/2025 14:00,33.39,32.94,33.17,40.38,27.91
4/15/2025 15:00,33.12,32.4,33.62,39.75,27.89
4/15/2025 16:00,35.18,35.55,35.36,42.42,29.84
4/15/2025 17:00,35.54,35.89,35.95,42.62,29.89
4/15/2025 18:00,34.7,34.22,35.71,42.54,28.13
4/15/2025 19:00,35.38,34.23,36.57,42.58,28.88
4/15/2025 20:00,35.16,33.84,36.49,42.02,30.04
4/15/2025 21:00,34.8,34.14,35.69,40.61,30.43
4/15/2025 22:00,35.42,34.5,36.44,41.01,31.3
4/15/2025 23:00,36.41,36.39,37.39,41.68,32.22
4/16/2025 0:00,36.87,36.79,38.05,41.96,32.45
4/16/2025 1:00,36.64,36.29,37.5,41.21,31.95
4/16/2025 2:00,36.95,36.26,37.4,40.98,31.86
4/16/2025 3:00,35.33,34.91,35.46,39.58,30.85
4/16/2025 4:00,36.59,36,36.6,40.84,32.66
4/16/2025 5:00,40.61,39.96,41.39,46.34,37.24
4/16/2025 6:00,41.04,40.55,41.92,45.65,38.42
4/16/2025 7:00,34.11,33.13,34.21,42.72,28.75
4/16/2025 8:00,30.59,30.07,30.73,38.94,25.63
4/16/2025 9:00,29.85,29.6,30.47,39.63,24.32
4/16/2025 10:00,31.59,31.71,32.73,41.11,26.77
4/16/2025 11:00,30.44,29.86,31.38,38.45,25.96
4/16/2025 12:00,32.55,30.29,33.43,39.27,26.01
4/16/2025 13:00,33.13,31.8,33.79,40.22,27.12
4/16/2025 14:00,34.3,34.22,34.62,44.04,27.8
4/16/2025 15:00,32.59,32.85,33.03,40.23,27.79
4/16/2025 16:00,33.02,32.1,33.61,39.98,27.75
4/16/2025 17:00,33.4,31.88,34.82,40.85,27.22
4/16/2025 18:00,37.03,36.13,37.82,44.92,29.95
4/16/2025 19:00,37.8,36.77,37.98,44.3,31.87
4/16/2025 20:00,36.06,34.85,36.6,43.6,31.15
4/16/2025 21:00,36.58,35.36,37.83,44.97,31
4/16/2025 22:00,36.61,36.72,38.39,44.56,31.52
4/16/2025 23:00,37.21,37.15,38.78,45.06,32.13
4/17/2025 0:00,37.89,37.68,39.42,46.3,33
4/17/2025 1:00,37.87,37.56,39.66,46.37,33.33
4/17/2025 2:00,38.43,38.51,39.83,47.22,33.89
4/17/2025 3:00,38.93,39.13,39.78,48.49,34.28
4/17/2025 4:00,39.77,39.79,40.67,49.08,35.04
4/17/2025 5:00,41.27,40.33,41.64,50,36.85
4/17/2025 6:00,40.15,38.86,40.59,46.9,36.42
4/17/2025 7:00,35.26,34.01,36.44,42.72,29.61
4/17/2025 8:00,29.98,28.84,30.66,38.59,23.97
4/17/2025 9:00,30.76,29.83,31.79,38.49,25.8
4/17/2025 10:00,30.82,30.31,31.41,38.55,25.81
4/17/2025 11:00,30.77,29.69,31.02,39.38,24.84
4/17/2025 12:00,30.84,30.74,31.31,39.74,25.54
4/17/2025 13:00,30.31,29.87,31,39.63,24.65
4/17/2025 14:00,28.08,26.53,29.3,36.87,22.5
4/17/2025 15:00,29.03,27.88,30.02,36.75,23.66
4/17/2025 16:00,29.72,28.4,30.43,37.33,24.42
4/17/2025 17:00,34.14,32.12,34.74,41.48,26.75
4/17/2025 18:00,34.67,34.4,35.25,42.26,29.63
4/17/2025 19:00,35.01,33.79,34.85,41.21,29.24
4/17/2025 20:00,29.67,28.35,30.5,36.83,24.23
4/17/2025 21:00,28.93,27.73,29.16,36.84,23.89
4/17/2025 22:00,32.63,32.11,33.35,40.04,27.82
4/17/2025 23:00,34.03,33.79,34.76,41.92,29.71
4/18/2025 0:00,34.25,34.16,34.74,42.97,29.96
4/18/2025 1:00,34.67,34.55,35.66,43.66,30.49
4/18/2025 2:00,36.53,36.24,37.51,45.01,31.82
4/18/2025 3:00,37.25,36.89,38.17,45.46,32.69
4/18/2025 4:00,38.72,38.9,40.51,47.52,34.93
4/18/2025 5:00,41.78,41.61,43.02,49.22,37.84
4/18/2025 6:00,40.51,40.5,41.25,45.92,37.38
4/18/2025 7:00,35.46,34.89,36.04,43.34,30.93
4/18/2025 8:00,30.05,29.48,30.12,37.71,24.58
4/18/2025 9:00,31.21,31.28,31.59,38.5,26.9
4/18/2025 10:00,28.21,27.77,28.82,36.82,23.47
4/18/2025 11:00,27.6,27.2,27.8,36.21,21.97
4/18/2025 12:00,28.46,27.31,28.59,36.87,22.01
4/18/2025 13:00,27.41,26.98,27.64,34.42,21.69
4/18/2025 14:00,26.67,26.72,27.23,35.42,21.26
4/18/2025 15:00,18.37,18.16,18.43,23.65,15.24
4/18/2025 16:00,27.93,27.29,28.04,35.53,22.69
4/18/2025 17:00,28.64,28.39,30.21,37.94,23.14
4/18/2025 18:00,30.46,29.75,31.24,37.87,25.19
4/18/2025 19:00,32.01,31.74,33.01,39.49,27.67
4/18/2025 20:00,31.92,30.9,32.4,40.37,26.44
4/18/2025 21:00,30.13,29.06,30.6,37.17,24.95
4/18/2025 22:00,32.68,32.04,33.71,39.22,28.28
4/18/2025 23:00,35.61,34.77,36.22,41.11,30.65
4/21/2025 0:00,39.03,37.86,38.69,45.39,33.56
