Time,Strength,Firsts,Lasts,Minimum,Maximum,Interpolated
9/19/2024 17:00,4:48,4:43,4:38,3:28,5:41,0:00
9/19/2024 18:00,4:39,4:44,4:30,3:22,5:38,0:00
9/19/2024 19:00,4:42,4:51,4:30,3:24,5:40,0:00
9/19/2024 20:00,4:48,4:52,4:35,3:29,5:34,0:00
9/19/2024 21:00,4:43,4:52,4:29,3:31,5:26,0:00
9/19/2024 22:00,4:44,4:50,4:29,3:36,5:29,0:00
9/19/2024 23:00,4:42,4:48,4:27,3:36,5:32,0:00
9/20/2024 0:00,4:41,4:47,4:28,3:35,5:32,0:00
9/20/2024 1:00,4:42,4:46,4:28,3:35,5:32,0:00
9/20/2024 2:00,4:39,4:44,4:29,3:39,5:30,0:00
9/20/2024 3:00,4:37,4:41,4:29,3:41,5:26,0:00
9/20/2024 4:00,4:32,4:30,4:25,3:40,5:15,0:00
9/20/2024 5:00,4:28,4:23,4:19,3:39,5:05,0:00
9/20/2024 6:00,4:23,4:19,4:16,3:33,4:59,0:00
9/20/2024 7:00,4:54,4:58,4:45,3:50,6:02,0:00
9/20/2024 8:00,5:03,5:15,4:50,3:54,6:17,0:00
9/20/2024 9:00,4:36,4:45,4:26,3:28,5:35,0:00
9/20/2024 10:00,4:44,4:58,4:35,3:38,5:47,0:00
9/20/2024 11:00,4:39,4:56,4:29,3:38,5:39,0:00
9/20/2024 12:00,4:42,4:51,4:30,3:35,5:39,0:00
9/20/2024 13:00,4:39,4:45,4:34,3:35,5:39,0:00
9/20/2024 14:00,4:45,4:54,4:41,3:45,5:51,0:00
9/20/2024 15:00,5:01,5:12,4:57,4:00,6:13,0:00
9/20/2024 16:00,4:52,5:13,4:49,4:02,6:12,0:00
9/20/2024 17:00,4:33,4:57,4:26,3:42,5:36,0:00
9/20/2024 18:00,4:26,4:46,4:22,3:37,5:28,0:00
9/20/2024 19:00,4:24,4:41,4:21,3:33,5:23,0:00
9/20/2024 20:00,4:30,4:38,4:24,3:30,5:22,0:00
9/20/2024 21:00,4:29,4:38,4:24,3:30,5:21,0:00
9/20/2024 22:00,4:24,4:28,4:19,3:28,5:18,0:00
9/20/2024 23:00,4:21,4:21,4:15,3:26,5:18,0:00
9/23/2024 0:00,4:25,4:29,4:26,3:41,5:13,0:00
9/23/2024 1:00,4:24,4:27,4:25,3:39,5:11,0:00
9/23/2024 2:00,4:23,4:24,4:25,3:39,5:09,0:00
9/23/2024 3:00,4:23,4:22,4:25,3:39,5:08,0:00
9/23/2024 4:00,4:21,4:20,4:22,3:38,5:06,0:00
9/23/2024 5:00,4:18,4:15,4:20,3:32,5:00,0:00
9/23/2024 6:00,4:12,4:12,4:13,3:28,4:45,0:00
9/23/2024 7:00,4:28,4:28,4:22,3:33,5:09,0:00
9/23/2024 8:00,4:44,4:47,4:37,3:35,5:50,0:00
9/23/2024 9:00,4:46,4:50,4:38,3:39,5:42,0:00
9/23/2024 10:00,4:42,4:44,4:35,3:31,5:39,0:00
9/23/2024 11:00,4:37,4:36,4:33,3:21,5:39,0:00
9/23/2024 12:00,4:30,4:30,4:30,3:33,5:30,0:00
9/23/2024 13:00,4:28,4:37,4:32,3:38,5:29,0:00
9/23/2024 14:00,4:39,4:48,4:37,3:50,5:25,0:00
9/23/2024 15:00,4:49,4:57,4:45,3:56,5:35,0:00
9/23/2024 16:00,4:52,4:59,4:43,3:52,5:48,0:00
9/23/2024 17:00,4:53,4:59,4:50,3:49,5:52,0:00
9/23/2024 18:00,4:48,4:58,4:44,3:41,5:49,0:00
9/23/2024 19:00,4:41,4:44,4:38,3:41,5:37,0:00
9/23/2024 20:00,4:34,4:39,4:33,3:41,5:27,0:00
9/23/2024 21:00,4:34,4:40,4:33,3:42,5:24,0:00
9/23/2024 22:00,4:33,4:36,4:33,3:37,5:21,0:00
9/23/2024 23:00,4:32,4:34,4:32,3:37,5:18,0:00
9/24/2024 0:00,4:30,4:31,4:31,3:37,5:16,0:00
9/24/2024 1:00,4:29,4:29,4:30,3:36,5:14,0:00
9/24/2024 2:00,4:27,4:25,4:28,3:34,5:12,0:00
9/24/2024 3:00,4:23,4:20,4:21,3:31,5:09,0:00
9/24/2024 4:00,4:20,4:18,4:14,3:27,5:06,0:00
9/24/2024 5:00,4:14,4:15,4:09,3:24,4:56,0:00
9/24/2024 6:00,4:13,4:15,4:08,3:23,4:50,0:00
9/24/2024 7:00,4:54,5:05,4:51,3:54,5:53,0:00
9/24/2024 8:00,5:00,5:11,4:56,4:00,6:00,0:00
9/24/2024 9:00,4:52,5:01,4:47,3:56,5:49,0:00
9/24/2024 10:00,4:56,5:03,4:50,3:59,5:49,0:00
9/24/2024 11:00,4:51,4:49,4:43,3:52,5:37,0:00
9/24/2024 12:00,4:49,4:48,4:43,3:53,5:30,0:00
9/24/2024 13:00,4:50,4:55,4:47,3:59,5:31,0:00
9/24/2024 14:00,4:47,4:52,4:45,3:54,5:33,0:00
9/24/2024 15:00,4:55,4:54,4:51,4:00,5:43,0:00
9/24/2024 16:00,4:55,4:57,4:53,3:58,5:50,0:00
9/24/2024 17:00,4:45,4:52,4:42,3:50,5:44,0:00
9/24/2024 18:00,4:44,4:45,4:42,3:39,5:41,0:00
9/24/2024 19:00,4:41,4:41,4:36,3:37,5:37,0:00
9/24/2024 20:00,4:42,4:39,4:33,3:37,5:37,0:00
9/24/2024 21:00,4:38,4:37,4:31,3:34,5:28,0:00
9/24/2024 22:00,4:34,4:32,4:30,3:32,5:24,0:00
9/24/2024 23:00,4:33,4:30,4:28,3:30,5:20,0:00
9/25/2024 0:00,4:33,4:30,4:26,3:29,5:21,0:00
9/25/2024 1:00,4:32,4:29,4:20,3:29,5:20,0:00
9/25/2024 2:00,4:32,4:30,4:22,3:28,5:20,0:00
9/25/2024 3:00,4:30,4:29,4:23,3:28,5:17,0:00
9/25/2024 4:00,4:23,4:19,4:11,3:21,5:04,0:00
9/25/2024 5:00,4:09,4:10,4:04,3:20,4:52,0:00
9/25/2024 6:00,4:16,4:16,4:13,3:32,4:59,0:00
9/25/2024 7:00,5:32,5:33,5:31,4:07,6:53,0:00
9/25/2024 8:00,5:02,5:11,5:01,4:02,6:06,0:00
9/25/2024 9:00,4:54,5:03,4:45,3:47,5:56,0:00
9/25/2024 10:00,4:45,4:52,4:35,3:42,5:55,0:00
9/25/2024 11:00,4:39,4:54,4:35,3:28,5:56,0:00
9/25/2024 12:00,4:50,4:58,4:47,3:38,5:55,0:00
9/25/2024 13:00,4:54,5:00,4:47,3:42,5:57,0:00
9/25/2024 14:00,4:56,5:01,4:57,3:46,6:04,0:00
9/25/2024 15:00,4:57,4:58,4:56,3:42,6:02,0:00
9/25/2024 16:00,4:54,4:55,4:57,3:49,5:58,0:00
9/25/2024 17:00,4:59,4:58,4:52,3:40,5:51,0:00
9/25/2024 18:00,4:48,4:49,4:39,3:36,5:41,0:00
9/25/2024 19:00,4:45,4:42,4:38,3:33,5:33,0:00
9/25/2024 20:00,4:43,4:42,4:40,3:33,5:28,0:00
9/25/2024 21:00,4:35,4:30,4:28,3:36,5:22,0:00
9/25/2024 22:00,4:34,4:32,4:27,3:36,5:23,0:00
9/25/2024 23:00,4:34,4:32,4:26,3:34,5:20,0:00
9/26/2024 0:00,4:34,4:32,4:25,3:35,5:16,0:00
9/26/2024 1:00,4:33,4:31,4:23,3:35,5:15,0:00
9/26/2024 2:00,4:29,4:30,4:20,3:35,5:14,0:00
9/26/2024 3:00,4:25,4:26,4:17,3:33,5:10,0:00
9/26/2024 4:00,4:20,4:22,4:15,3:33,5:08,0:00
9/26/2024 5:00,4:13,4:17,4:10,3:31,4:53,0:00
9/26/2024 6:00,4:17,4:18,4:14,3:36,4:51,0:00
9/26/2024 7:00,5:24,5:29,5:14,4:09,6:43,0:00
9/26/2024 8:00,5:01,5:02,4:52,3:44,6:10,0:00
9/26/2024 9:00,4:43,4:41,4:34,3:35,5:44,0:00
9/26/2024 10:00,4:43,4:44,4:29,3:39,5:44,0:00
9/26/2024 11:00,4:40,4:43,4:33,3:43,5:42,0:00
9/26/2024 12:00,4:37,4:42,4:32,3:40,5:35,0:00
9/26/2024 13:00,4:46,4:51,4:40,3:33,5:48,0:00
9/26/2024 14:00,4:54,4:59,4:53,3:42,5:54,0:00
9/26/2024 15:00,4:59,5:06,4:53,3:41,6:04,0:00
9/26/2024 16:00,4:54,5:00,4:47,3:37,5:54,0:00
9/26/2024 17:00,4:48,4:48,4:42,3:38,5:38,0:00
9/26/2024 18:00,4:41,4:45,4:44,3:40,5:26,0:00
9/26/2024 19:00,4:36,4:40,4:44,3:41,5:26,0:00
9/26/2024 20:00,4:36,4:37,4:39,3:39,5:26,0:00
9/26/2024 21:00,4:30,4:30,4:30,3:33,5:20,0:00
9/26/2024 22:00,4:27,4:25,4:26,3:29,5:25,0:00
9/26/2024 23:00,4:27,4:21,4:24,3:27,5:22,0:00
9/27/2024 0:00,4:26,4:18,4:21,3:24,5:20,0:00
9/27/2024 1:00,4:23,4:18,4:18,3:24,5:18,0:00
9/27/2024 2:00,4:17,4:16,4:16,3:18,5:12,0:00
9/27/2024 3:00,4:14,4:14,4:11,3:13,5:02,0:00
9/27/2024 4:00,4:09,4:10,4:07,3:05,4:50,0:00
9/27/2024 5:00,4:10,4:08,4:04,3:08,4:47,0:00
9/27/2024 6:00,4:10,4:10,4:03,3:14,4:43,0:00
9/27/2024 7:00,5:38,5:47,5:35,4:19,6:56,0:00
9/27/2024 8:00,5:10,5:15,5:07,3:55,6:16,0:00
9/27/2024 9:00,4:32,4:31,4:34,3:20,5:27,0:00
9/27/2024 10:00,4:38,4:35,4:32,3:28,5:21,0:00
9/27/2024 11:00,4:38,4:41,4:33,3:26,5:37,0:00
9/27/2024 12:00,4:33,4:34,4:26,3:21,5:28,0:00
9/27/2024 13:00,4:41,4:36,4:37,3:39,5:32,0:00
9/27/2024 14:00,4:51,4:45,4:51,3:48,5:50,0:00
9/27/2024 15:00,4:54,4:54,4:50,3:53,6:00,0:00
9/27/2024 16:00,4:37,4:35,4:34,3:39,5:28,0:00
9/27/2024 17:00,4:24,4:21,4:27,3:30,5:18,0:00
9/27/2024 18:00,4:25,4:25,4:33,3:31,5:22,0:00
9/27/2024 19:00,4:22,4:21,4:25,3:36,5:13,0:00
9/27/2024 20:00,4:25,4:22,4:18,3:32,5:09,0:00
9/27/2024 21:00,4:19,4:19,4:13,3:31,5:04,0:00
9/27/2024 22:00,4:15,4:18,4:09,3:31,4:51,0:00
9/27/2024 23:00,4:15,4:15,4:06,3:29,4:44,0:00
9/30/2024 0:00,4:20,4:21,4:19,3:37,4:58,0:00
9/30/2024 1:00,4:18,4:19,4:15,3:36,4:57,0:00
9/30/2024 2:00,4:16,4:16,4:13,3:25,4:54,0:00
9/30/2024 3:00,4:14,4:13,4:12,3:23,4:51,0:00
9/30/2024 4:00,4:09,4:02,4:09,3:25,4:47,0:00
9/30/2024 5:00,4:01,4:00,4:04,3:24,4:30,0:00
9/30/2024 6:00,4:01,4:00,4:03,3:26,4:32,0:00
9/30/2024 7:00,4:22,4:23,4:27,3:38,5:08,0:00
9/30/2024 8:00,4:29,4:24,4:30,3:24,5:19,0:00
9/30/2024 9:00,4:22,4:18,4:18,3:25,5:05,0:00
9/30/2024 10:00,4:26,4:26,4:30,3:35,5:19,0:00
9/30/2024 11:00,4:27,4:22,4:31,3:33,5:23,0:00
9/30/2024 12:00,4:29,4:24,4:31,3:29,5:27,0:00
9/30/2024 13:00,4:35,4:29,4:27,3:24,5:29,0:00
9/30/2024 14:00,4:37,4:39,4:33,3:31,5:43,0:00
9/30/2024 15:00,4:41,4:47,4:35,3:45,5:45,0:00
9/30/2024 16:00,4:32,4:45,4:28,3:39,5:36,0:00
9/30/2024 17:00,4:21,4:28,4:17,3:22,5:25,0:00
9/30/2024 18:00,4:16,4:20,4:13,3:24,5:08,0:00
9/30/2024 19:00,4:15,4:18,4:15,3:30,4:59,0:00
9/30/2024 20:00,4:22,4:19,4:18,3:36,4:59,0:00
9/30/2024 21:00,4:21,4:19,4:19,3:45,4:54,0:00
9/30/2024 22:00,4:14,4:15,4:14,3:39,4:49,0:00
9/30/2024 23:00,4:12,4:14,4:12,3:36,4:46,0:00
10/1/2024 0:00,4:12,4:13,4:11,3:36,4:45,0:00
10/1/2024 1:00,4:11,4:12,4:11,3:34,4:43,0:00
10/1/2024 2:00,4:10,4:13,4:11,3:34,4:42,0:00
10/1/2024 3:00,4:09,4:12,4:09,3:33,4:38,0:00
10/1/2024 4:00,4:06,4:07,4:05,3:28,4:34,0:00
10/1/2024 5:00,3:58,4:00,3:58,3:31,4:22,0:00
10/1/2024 6:00,3:55,3:58,3:57,3:23,4:17,0:00
10/1/2024 7:00,4:20,4:17,4:19,3:33,4:51,0:00
10/1/2024 8:00,4:41,4:35,4:44,3:38,5:29,0:00
10/1/2024 9:00,4:44,4:46,4:45,3:44,5:44,0:00
10/1/2024 10:00,4:36,4:36,4:38,3:41,5:35,0:00
10/1/2024 11:00,4:32,4:29,4:31,3:37,5:25,0:00
10/1/2024 12:00,4:32,4:34,4:31,3:34,5:30,0:00
10/1/2024 13:00,4:31,4:26,4:29,3:23,5:34,0:00
10/1/2024 14:00,4:41,4:43,4:32,3:34,5:41,0:00
10/1/2024 15:00,4:40,4:48,4:33,3:36,5:34,0:00
10/1/2024 16:00,4:29,4:31,4:28,3:30,5:24,0:00
10/1/2024 17:00,4:29,4:23,4:28,3:27,5:09,0:00
10/1/2024 18:00,4:21,4:21,4:21,3:23,5:01,0:00
10/1/2024 19:00,4:18,4:18,4:14,3:22,5:01,0:00
10/1/2024 20:00,4:19,4:18,4:13,3:22,5:03,0:00
10/1/2024 21:00,4:21,4:21,4:14,3:26,5:05,0:00
10/1/2024 22:00,4:18,4:20,4:11,3:21,4:56,0:00
10/1/2024 23:00,4:15,4:16,4:08,3:19,4:52,0:00
10/2/2024 0:00,4:16,4:20,4:09,3:20,4:50,0:00
10/2/2024 1:00,4:19,4:23,4:08,3:19,4:52,0:00
10/2/2024 2:00,4:15,4:23,4:07,3:19,4:52,0:00
10/2/2024 3:00,4:18,4:22,4:07,3:18,4:49,0:00
10/2/2024 4:00,4:12,4:12,4:03,3:17,4:40,0:00
10/2/2024 5:00,4:10,4:09,4:06,3:24,4:36,0:00
10/2/2024 6:00,4:10,4:11,4:07,3:30,4:34,0:00
10/2/2024 7:00,4:27,4:32,4:31,3:43,5:17,0:00
10/2/2024 8:00,4:38,4:43,4:41,3:41,5:52,0:00
10/2/2024 9:00,4:35,4:30,4:27,3:27,5:30,0:00
10/2/2024 10:00,4:30,4:32,4:25,3:31,5:23,0:00
10/2/2024 11:00,4:30,4:25,4:33,3:39,5:24,0:00
10/2/2024 12:00,4:38,4:46,4:38,3:40,5:30,0:00
10/2/2024 13:00,4:35,4:28,4:35,3:37,5:15,0:00
10/2/2024 14:00,4:37,4:31,4:33,3:30,5:17,0:00
10/2/2024 15:00,4:51,4:45,4:47,3:33,5:46,0:00
10/2/2024 16:00,4:40,4:46,4:36,3:36,5:39,0:00
10/2/2024 17:00,4:39,4:33,4:27,3:36,5:26,0:00
10/2/2024 18:00,4:40,4:32,4:27,3:35,5:18,0:00
10/2/2024 19:00,4:38,4:30,4:32,3:33,5:16,0:00
10/2/2024 20:00,4:37,4:36,4:32,3:32,5:23,0:00
10/2/2024 21:00,4:40,4:40,4:33,3:30,5:20,0:00
10/2/2024 22:00,4:37,4:35,4:29,3:23,5:19,0:00
10/2/2024 23:00,4:36,4:34,4:27,3:19,5:18,0:00
10/3/2024 0:00,4:32,4:32,4:27,3:17,5:15,0:00
10/3/2024 1:00,4:32,4:30,4:25,3:17,5:14,0:00
10/3/2024 2:00,4:29,4:26,4:21,3:14,5:10,0:00
10/3/2024 3:00,4:23,4:20,4:19,3:11,5:08,0:00
10/3/2024 4:00,4:21,4:12,4:17,3:14,5:03,0:00
10/3/2024 5:00,4:13,4:08,4:06,3:22,4:49,0:00
10/3/2024 6:00,4:09,4:08,4:03,3:18,4:40,0:00
10/3/2024 7:00,5:00,4:58,4:59,3:44,6:09,0:00
10/3/2024 8:00,5:05,4:58,5:05,3:44,6:12,0:00
10/3/2024 9:00,4:45,4:45,4:47,3:44,5:46,0:00
10/3/2024 10:00,4:38,4:46,4:44,3:47,5:37,0:00
10/3/2024 11:00,4:29,4:33,4:30,3:41,5:13,0:00
10/3/2024 12:00,4:25,4:27,4:23,3:31,5:05,0:00
10/3/2024 13:00,4:26,4:19,4:23,3:27,5:10,0:00
10/3/2024 14:00,4:35,4:40,4:31,3:35,5:33,0:00
10/3/2024 15:00,4:41,4:47,4:36,3:42,5:40,0:00
10/3/2024 16:00,4:36,4:36,4:36,3:39,5:36,0:00
10/3/2024 17:00,4:32,4:34,4:25,3:26,5:23,0:00
10/3/2024 18:00,4:22,4:28,4:15,3:28,5:03,0:00
10/3/2024 19:00,4:20,4:26,4:15,3:30,5:08,0:00
10/3/2024 20:00,4:18,4:26,4:17,3:25,5:08,0:00
10/3/2024 21:00,4:23,4:28,4:22,3:24,5:06,0:00
10/3/2024 22:00,4:22,4:25,4:20,3:26,5:01,0:00
10/3/2024 23:00,4:22,4:24,4:19,3:26,4:57,0:00
10/4/2024 0:00,4:22,4:22,4:23,3:25,4:55,0:00
10/4/2024 1:00,4:22,4:21,4:23,3:24,4:57,0:00
10/4/2024 2:00,4:22,4:20,4:19,3:23,4:56,0:00
10/4/2024 3:00,4:17,4:17,4:15,3:20,4:51,0:00
10/4/2024 4:00,4:10,4:07,4:07,3:26,4:43,0:00
10/4/2024 5:00,4:07,4:06,4:05,3:31,4:32,0:00
10/4/2024 6:00,4:10,4:11,4:10,3:35,4:33,0:00
10/4/2024 7:00,4:34,4:29,4:31,3:39,5:09,0:00
10/4/2024 8:00,4:47,4:44,4:46,3:45,5:48,0:00
10/4/2024 9:00,4:37,4:31,4:35,3:37,5:40,0:00
10/4/2024 10:00,4:35,4:35,4:33,3:34,5:32,0:00
10/4/2024 11:00,4:46,4:43,4:44,3:43,5:44,0:00
10/4/2024 12:00,4:37,4:33,4:36,3:38,5:35,0:00
10/4/2024 13:00,4:28,4:24,4:29,3:41,5:08,0:00
10/4/2024 14:00,4:33,4:32,4:30,3:40,5:28,0:00
10/4/2024 15:00,4:52,4:56,4:47,3:48,5:57,0:00
10/4/2024 16:00,4:39,4:39,4:37,3:37,5:37,0:00
10/4/2024 17:00,4:32,4:29,4:27,3:30,5:18,0:00
10/4/2024 18:00,4:24,4:24,4:17,3:25,4:59,0:00
10/4/2024 19:00,4:21,4:19,4:13,3:22,4:53,0:00
10/4/2024 20:00,4:19,4:17,4:12,3:30,5:01,0:00
10/4/2024 21:00,4:18,4:20,4:11,3:34,5:06,0:00
10/4/2024 22:00,4:14,4:15,4:08,3:31,4:59,0:00
10/4/2024 23:00,4:13,4:15,4:08,3:31,4:59,0:00
10/7/2024 0:00,4:29,4:21,4:20,3:26,4:53,0:00
10/7/2024 1:00,4:29,4:23,4:21,3:25,4:54,0:00
10/7/2024 2:00,4:26,4:20,4:19,3:25,4:54,0:00
10/7/2024 3:00,4:22,4:15,4:15,3:23,4:48,0:00
10/7/2024 4:00,4:16,4:12,4:13,3:20,4:45,0:00
10/7/2024 5:00,4:11,4:07,4:06,3:17,4:36,0:00
10/7/2024 6:00,4:15,4:07,4:08,3:17,4:39,0:00
10/7/2024 7:00,4:42,4:44,4:37,3:36,5:39,0:00
10/7/2024 8:00,5:01,4:50,4:53,3:40,6:04,0:00
10/7/2024 9:00,4:33,4:31,4:31,3:35,5:26,0:00
10/7/2024 10:00,4:23,4:24,4:21,3:31,5:12,0:00
10/7/2024 11:00,4:19,4:15,4:13,3:24,4:55,0:00
10/7/2024 12:00,4:17,4:17,4:16,3:22,4:58,0:00
10/7/2024 13:00,4:18,4:19,4:19,3:31,5:12,0:00
10/7/2024 14:00,4:22,4:21,4:20,3:34,5:13,0:00
10/7/2024 15:00,4:43,4:40,4:35,3:42,5:27,0:00
10/7/2024 16:00,4:25,4:30,4:26,3:40,5:05,0:00
10/7/2024 17:00,4:25,4:25,4:22,3:30,4:59,0:00
10/7/2024 18:00,4:27,4:24,4:23,3:27,4:55,0:00
10/7/2024 19:00,4:20,4:21,4:13,3:27,4:51,0:00
10/7/2024 20:00,4:19,4:17,4:15,3:31,4:53,0:00
10/7/2024 21:00,4:20,4:19,4:18,3:27,4:56,0:00
10/7/2024 22:00,4:24,4:24,4:19,3:30,4:59,0:00
10/7/2024 23:00,4:25,4:23,4:20,3:31,4:58,0:00
10/8/2024 0:00,4:24,4:22,4:19,3:31,4:55,0:00
10/8/2024 1:00,4:23,4:21,4:19,3:27,4:54,0:00
10/8/2024 2:00,4:22,4:18,4:18,3:25,4:52,0:00
10/8/2024 3:00,4:14,4:13,4:16,3:24,4:48,0:00
10/8/2024 4:00,4:12,4:09,4:13,3:24,4:41,0:00
10/8/2024 5:00,4:10,4:09,4:11,3:24,4:40,0:00
10/8/2024 6:00,4:15,4:11,4:16,3:21,4:47,0:00
10/8/2024 7:00,4:37,4:38,4:38,3:37,5:30,0:00
10/8/2024 8:00,4:47,4:52,4:47,3:52,5:48,0:00
10/8/2024 9:00,4:44,4:46,4:42,3:43,5:44,0:00
10/8/2024 10:00,4:20,4:19,4:15,3:28,5:06,0:00
10/8/2024 11:00,4:43,4:43,4:42,3:42,5:43,0:00
10/8/2024 12:00,4:39,4:36,4:34,3:30,5:35,0:00
10/8/2024 13:00,4:25,4:28,4:17,3:34,5:04,0:00
10/8/2024 14:00,4:32,4:38,4:28,3:38,5:21,0:00
10/8/2024 15:00,4:39,4:44,4:34,3:49,5:30,0:00
10/8/2024 16:00,4:25,4:28,4:23,3:48,5:06,0:00
10/8/2024 17:00,4:18,4:21,4:13,3:31,5:04,0:00
10/8/2024 18:00,4:20,4:18,4:14,3:25,4:57,0:00
10/8/2024 19:00,4:17,4:22,4:16,3:25,5:04,0:00
10/8/2024 20:00,4:14,4:18,4:14,3:23,4:58,0:00
10/8/2024 21:00,4:11,4:11,4:13,3:24,4:48,0:00
10/8/2024 22:00,4:10,4:12,4:14,3:22,4:47,0:00
10/8/2024 23:00,4:08,4:14,4:13,3:25,4:47,0:00
10/9/2024 0:00,4:05,4:10,4:07,3:21,4:44,0:00
10/9/2024 1:00,4:03,4:11,4:10,3:21,4:50,0:00
10/9/2024 2:00,4:04,4:10,4:11,3:21,4:50,0:00
10/9/2024 3:00,4:08,4:11,4:12,3:22,4:49,0:00
10/9/2024 4:00,4:03,4:07,4:06,3:18,4:43,0:00
10/9/2024 5:00,4:00,4:05,4:00,3:19,4:31,0:00
10/9/2024 6:00,4:08,4:10,4:06,3:27,4:36,0:00
10/9/2024 7:00,4:34,4:33,4:29,3:41,5:21,0:00
10/9/2024 8:00,4:39,4:36,4:37,3:43,5:40,0:00
10/9/2024 9:00,4:31,4:35,4:33,3:45,5:17,0:00
10/9/2024 10:00,4:31,4:29,4:28,3:31,5:13,0:00
10/9/2024 11:00,4:32,4:26,4:25,3:34,5:11,0:00
10/9/2024 12:00,4:34,4:32,4:28,3:36,5:16,0:00
10/9/2024 13:00,4:34,4:34,4:28,3:36,5:19,0:00
10/9/2024 14:00,4:33,4:37,4:26,3:42,5:28,0:00
10/9/2024 15:00,4:43,4:47,4:37,3:51,5:49,0:00
10/9/2024 16:00,4:42,4:50,4:39,3:41,5:49,0:00
10/9/2024 17:00,4:25,4:31,4:16,3:34,5:16,0:00
10/9/2024 18:00,4:17,4:16,4:08,3:29,5:00,0:00
10/9/2024 19:00,4:14,4:13,4:08,3:26,4:56,0:00
10/9/2024 20:00,4:12,4:12,4:08,3:25,4:54,0:00
10/9/2024 21:00,4:08,4:07,4:05,3:23,4:44,0:00
10/9/2024 22:00,4:06,4:02,4:07,3:26,4:39,0:00
10/9/2024 23:00,4:04,4:01,4:06,3:24,4:36,0:00
10/10/2024 0:00,4:06,4:03,4:05,3:26,4:35,0:00
10/10/2024 1:00,4:02,4:02,4:01,3:26,4:32,0:00
10/10/2024 2:00,4:02,4:02,4:02,3:27,4:31,0:00
10/10/2024 3:00,3:59,4:03,4:00,3:27,4:30,0:00
10/10/2024 4:00,4:05,4:01,4:02,3:26,4:30,0:00
10/10/2024 5:00,4:04,4:03,4:00,3:28,4:29,0:00
10/10/2024 6:00,4:09,4:08,4:03,3:31,4:33,0:00
10/10/2024 7:00,5:04,5:06,4:56,3:59,6:08,0:00
10/10/2024 8:00,5:05,5:13,5:02,4:02,6:15,0:00
10/10/2024 9:00,4:31,4:31,4:30,3:42,5:24,0:00
10/10/2024 10:00,4:24,4:23,4:19,3:33,5:08,0:00
10/10/2024 11:00,4:29,4:33,4:29,3:37,5:16,0:00
10/10/2024 12:00,4:28,4:33,4:25,3:27,5:14,0:00
10/10/2024 13:00,4:26,4:31,4:23,3:25,5:15,0:00
10/10/2024 14:00,4:33,4:34,4:28,3:29,5:27,0:00
10/10/2024 15:00,4:32,4:37,4:32,3:35,5:46,0:00
10/10/2024 16:00,4:26,4:24,4:29,3:37,5:26,0:00
10/10/2024 17:00,4:24,4:18,4:21,3:28,5:10,0:00
10/10/2024 18:00,4:21,4:20,4:20,3:22,5:02,0:00
10/10/2024 19:00,4:19,4:19,4:19,3:24,4:55,0:00
10/10/2024 20:00,4:20,4:23,4:18,3:31,4:56,0:00
10/10/2024 21:00,4:17,4:18,4:14,3:32,4:48,0:00
10/10/2024 22:00,4:15,4:18,4:12,3:34,4:45,0:00
10/10/2024 23:00,4:14,4:14,4:09,3:33,4:43,0:00
10/11/2024 0:00,4:11,4:11,4:07,3:29,4:41,0:00
10/11/2024 1:00,4:10,4:09,4:06,3:27,4:39,0:00
10/11/2024 2:00,4:10,4:02,4:05,3:27,4:37,0:00
10/11/2024 3:00,4:10,4:00,4:05,3:26,4:32,0:00
10/11/2024 4:00,4:09,4:05,3:59,3:25,4:30,0:00
10/11/2024 5:00,4:07,4:05,4:01,3:27,4:28,0:00
10/11/2024 6:00,4:07,4:09,4:02,3:25,4:32,0:00
10/11/2024 7:00,4:26,4:25,4:27,3:29,5:23,0:00
10/11/2024 8:00,4:43,4:39,4:39,3:43,5:29,0:00
10/11/2024 9:00,4:30,4:32,4:25,3:40,5:12,0:00
10/11/2024 10:00,4:14,4:14,4:15,3:18,4:50,0:00
10/11/2024 11:00,4:23,4:25,4:23,3:34,5:04,0:00
10/11/2024 12:00,4:37,4:34,4:37,3:45,5:21,0:00
10/11/2024 13:00,4:30,4:30,4:34,3:48,5:11,0:00
10/11/2024 14:00,4:34,4:28,4:31,3:45,5:09,0:00
10/11/2024 15:00,4:41,4:38,4:38,3:44,5:28,0:00
10/11/2024 16:00,4:32,4:35,4:31,3:39,5:21,0:00
10/11/2024 17:00,4:37,4:41,4:41,3:34,5:29,0:00
10/11/2024 18:00,4:36,4:32,4:29,3:33,5:19,0:00
10/11/2024 19:00,4:29,4:21,4:24,3:34,5:13,0:00
10/11/2024 20:00,4:30,4:25,4:24,3:32,5:17,0:00
10/11/2024 21:00,4:26,4:24,4:23,3:34,5:09,0:00
10/11/2024 22:00,4:23,4:24,4:23,3:38,5:08,0:00
10/11/2024 23:00,4:24,4:30,4:22,3:43,5:11,0:00
10/14/2024 0:00,4:25,4:24,4:17,3:29,5:04,0:00
10/14/2024 1:00,4:23,4:25,4:12,3:29,5:03,0:00
10/14/2024 2:00,4:18,4:26,4:11,3:30,5:01,0:00
10/14/2024 3:00,4:20,4:22,4:11,3:29,5:01,0:00
10/14/2024 4:00,4:19,4:20,4:08,3:30,4:47,0:00
10/14/2024 5:00,4:13,4:16,4:02,3:30,4:37,0:00
10/14/2024 6:00,4:08,4:08,4:02,3:30,4:28,0:00
10/14/2024 7:00,4:45,4:47,4:41,3:52,5:47,0:00
10/14/2024 8:00,5:04,5:10,5:03,3:57,6:32,0:00
10/14/2024 9:00,4:38,4:41,4:37,3:37,5:33,0:00
10/14/2024 10:00,4:30,4:34,4:27,3:33,5:14,0:00
10/14/2024 11:00,4:35,4:35,4:29,3:33,5:28,0:00
10/14/2024 12:00,4:44,4:51,4:41,3:39,5:45,0:00
10/14/2024 13:00,4:30,4:34,4:24,3:31,5:11,0:00
10/14/2024 14:00,4:23,4:18,4:21,3:28,5:08,0:00
10/14/2024 15:00,4:27,4:25,4:26,3:42,5:09,0:00
10/14/2024 16:00,4:24,4:22,4:28,3:42,5:18,0:00
10/14/2024 17:00,4:21,4:16,4:17,3:23,5:16,0:00
10/14/2024 18:00,4:15,4:11,4:11,3:23,5:02,0:00
10/14/2024 19:00,4:14,4:11,4:09,3:29,4:49,0:00
10/14/2024 20:00,4:12,4:11,4:07,3:29,4:44,0:00
10/14/2024 21:00,4:08,4:05,4:07,3:27,4:45,0:00
10/14/2024 22:00,4:08,4:03,4:07,3:28,4:39,0:00
10/14/2024 23:00,4:08,4:03,4:07,3:28,4:38,0:00
10/15/2024 0:00,4:08,4:06,4:09,3:28,4:39,0:00
10/15/2024 1:00,4:09,4:06,4:07,3:27,4:39,0:00
10/15/2024 2:00,4:08,4:04,4:07,3:25,4:40,0:00
10/15/2024 3:00,4:08,4:05,4:07,3:25,4:38,0:00
10/15/2024 4:00,4:07,4:03,4:07,3:23,4:36,0:00
10/15/2024 5:00,4:06,4:04,4:03,3:22,4:30,0:00
10/15/2024 6:00,4:10,4:11,4:05,3:23,4:38,0:00
10/15/2024 7:00,4:31,4:36,4:33,3:43,5:21,0:00
10/15/2024 8:00,4:50,4:47,4:54,3:48,5:55,0:00
10/15/2024 9:00,4:50,4:49,4:51,3:45,5:59,0:00
10/15/2024 10:00,4:42,4:45,4:40,3:45,5:38,0:00
10/15/2024 11:00,4:38,4:44,4:29,3:38,5:30,0:00
10/15/2024 12:00,4:36,4:45,4:24,3:39,5:29,0:00
10/15/2024 13:00,4:31,4:36,4:28,3:36,5:35,0:00
10/15/2024 14:00,4:36,4:30,4:41,3:34,5:30,0:00
10/15/2024 15:00,4:28,4:27,4:32,3:37,5:24,0:00
10/15/2024 16:00,4:28,4:24,4:24,3:27,5:04,0:00
10/15/2024 17:00,4:32,4:31,4:25,3:33,5:14,0:00
10/15/2024 18:00,4:27,4:28,4:25,3:32,5:20,0:00
10/15/2024 19:00,4:21,4:23,4:20,3:33,5:13,0:00
10/15/2024 20:00,4:20,4:20,4:18,3:29,5:06,0:00
10/15/2024 21:00,4:19,4:21,4:21,3:33,5:08,0:00
10/15/2024 22:00,4:22,4:19,4:22,3:33,5:04,0:00
10/15/2024 23:00,4:22,4:15,4:20,3:29,5:00,0:00
10/16/2024 0:00,4:20,4:14,4:20,3:29,4:59,0:00
10/16/2024 1:00,4:18,4:13,4:19,3:28,4:57,0:00
10/16/2024 2:00,4:17,4:12,4:19,3:26,4:51,0:00
10/16/2024 3:00,4:15,4:11,4:17,3:24,4:48,0:00
10/16/2024 4:00,4:08,4:02,4:07,3:24,4:38,0:00
10/16/2024 5:00,4:10,4:01,4:11,3:21,4:32,0:00
10/16/2024 6:00,4:09,4:01,4:02,3:15,4:30,0:00
10/16/2024 7:00,4:35,4:34,4:32,3:44,5:20,0:00
10/16/2024 8:00,4:49,4:55,4:42,3:46,5:45,0:00
10/16/2024 9:00,4:37,4:41,4:30,3:24,5:28,0:00
10/16/2024 10:00,4:29,4:26,4:15,3:23,5:15,0:00
10/16/2024 11:00,4:26,4:26,4:22,3:28,5:19,0:00
10/16/2024 12:00,4:26,4:25,4:23,3:29,5:20,0:00
10/16/2024 13:00,4:21,4:22,4:16,3:26,5:01,0:00
10/16/2024 14:00,4:36,4:32,4:34,3:34,5:24,0:00
10/16/2024 15:00,4:29,4:32,4:29,3:41,5:23,0:00
10/16/2024 16:00,4:20,4:26,4:21,3:25,5:14,0:00
10/16/2024 17:00,4:24,4:21,4:22,3:30,5:07,0:00
10/16/2024 18:00,4:30,4:34,4:29,3:43,5:20,0:00
10/16/2024 19:00,4:29,4:34,4:23,3:43,5:24,0:00
10/16/2024 20:00,4:33,4:32,4:25,3:42,5:21,0:00
10/16/2024 21:00,4:29,4:31,4:23,3:42,5:16,0:00
10/16/2024 22:00,4:27,4:29,4:21,3:43,5:11,0:00
10/16/2024 23:00,4:26,4:26,4:25,3:41,5:09,0:00
10/17/2024 0:00,4:26,4:19,4:20,3:39,5:05,0:00
10/17/2024 1:00,4:25,4:19,4:22,3:36,5:04,0:00
10/17/2024 2:00,4:21,4:17,4:21,3:34,5:04,0:00
10/17/2024 3:00,4:20,4:17,4:19,3:33,5:01,0:00
10/17/2024 4:00,4:20,4:14,4:17,3:33,4:53,0:00
10/17/2024 5:00,4:16,4:10,4:12,3:29,4:42,0:00
10/17/2024 6:00,4:15,4:13,4:08,3:33,4:39,0:00
10/17/2024 7:00,4:40,4:43,4:34,3:55,5:33,0:00
10/17/2024 8:00,4:55,5:01,4:56,3:55,6:04,0:00
10/17/2024 9:00,4:40,4:46,4:38,3:40,5:39,0:00
10/17/2024 10:00,4:27,4:24,4:23,3:30,5:17,0:00
10/17/2024 11:00,4:29,4:29,4:29,3:44,5:29,0:00
10/17/2024 12:00,4:26,4:30,4:21,3:41,5:18,0:00
10/17/2024 13:00,4:21,4:30,4:21,3:40,5:20,0:00
10/17/2024 14:00,4:30,4:34,4:35,3:41,5:40,0:00
10/17/2024 15:00,4:40,4:35,4:38,3:39,5:39,0:00
10/17/2024 16:00,4:46,4:56,4:48,3:50,5:55,0:00
10/17/2024 17:00,4:53,4:46,4:52,3:42,5:54,0:00
10/17/2024 18:00,4:28,4:27,4:23,3:27,5:25,0:00
10/17/2024 19:00,4:20,4:15,4:16,3:26,5:07,0:00
10/17/2024 20:00,4:15,4:12,4:15,3:20,5:03,0:00
10/17/2024 21:00,4:14,4:14,4:13,3:20,5:01,0:00
10/17/2024 22:00,4:15,4:17,4:14,3:23,5:04,0:00
10/17/2024 23:00,4:14,4:17,4:15,3:23,5:04,0:00
10/18/2024 0:00,4:14,4:15,4:14,3:24,5:04,0:00
10/18/2024 1:00,4:14,4:15,4:15,3:23,5:04,0:00
10/18/2024 2:00,4:14,4:16,4:15,3:24,5:02,0:00
10/18/2024 3:00,4:12,4:12,4:12,3:24,4:56,0:00
10/18/2024 4:00,4:11,4:07,4:09,3:23,4:47,0:00
10/18/2024 5:00,4:07,4:00,4:04,3:20,4:33,0:00
10/18/2024 6:00,4:07,4:06,4:08,3:30,4:31,0:00
10/18/2024 7:00,4:35,4:26,4:36,3:36,5:15,0:00
10/18/2024 8:00,4:52,4:47,4:55,3:44,6:11,0:00
10/18/2024 9:00,4:31,4:40,4:24,3:30,5:34,0:00
10/18/2024 10:00,4:54,5:00,4:42,3:40,5:51,0:00
10/18/2024 11:00,4:54,4:56,4:39,3:41,5:59,0:00
10/18/2024 12:00,4:39,4:51,4:29,3:43,5:43,0:00
10/18/2024 13:00,4:30,4:36,4:25,3:31,5:25,0:00
10/18/2024 14:00,4:26,4:29,4:27,3:33,5:22,0:00
10/18/2024 15:00,4:40,4:42,4:41,3:42,5:41,0:00
10/18/2024 16:00,4:38,4:48,4:37,3:45,5:42,0:00
10/18/2024 17:00,4:37,4:41,4:39,3:38,5:33,0:00
10/18/2024 18:00,4:38,4:42,4:38,3:42,5:28,0:00
10/18/2024 19:00,4:24,4:27,4:24,3:33,5:13,0:00
10/18/2024 20:00,4:21,4:23,4:23,3:37,5:08,0:00
10/18/2024 21:00,4:17,4:17,4:19,3:34,5:01,0:00
10/18/2024 22:00,4:16,4:15,4:18,3:32,4:59,0:00
10/18/2024 23:00,4:15,4:11,4:17,3:30,4:51,0:00
10/21/2024 0:00,4:22,4:24,4:17,3:31,4:57,0:00
10/21/2024 1:00,4:22,4:24,4:17,3:31,4:56,0:00
10/21/2024 2:00,4:19,4:21,4:16,3:31,4:54,0:00
10/21/2024 3:00,4:15,4:11,4:14,3:28,4:48,0:00
10/21/2024 4:00,4:12,4:08,4:12,3:28,4:45,0:00
10/21/2024 5:00,4:11,4:08,4:08,3:35,4:39,0:00
10/21/2024 6:00,4:15,4:12,4:10,3:34,4:37,0:00
10/21/2024 7:00,4:34,4:31,4:32,3:29,5:29,0:00
10/21/2024 8:00,4:43,4:36,4:34,3:30,5:48,0:00
10/21/2024 9:00,4:34,4:39,4:29,3:33,5:32,0:00
10/21/2024 10:00,4:30,4:27,4:22,3:20,5:15,0:00
10/21/2024 11:00,4:29,4:30,4:31,3:29,5:17,0:00
10/21/2024 12:00,4:37,4:45,4:37,3:44,5:30,0:00
10/21/2024 13:00,4:29,4:32,4:33,3:37,5:23,0:00
10/21/2024 14:00,4:36,4:40,4:36,3:43,5:37,0:00
10/21/2024 15:00,4:47,4:51,4:40,3:49,5:46,0:00
10/21/2024 16:00,4:36,4:48,4:26,3:37,5:42,0:00
10/21/2024 17:00,4:33,4:31,4:21,3:26,5:14,0:00
10/21/2024 18:00,4:37,4:29,4:31,3:24,5:21,0:00
10/21/2024 19:00,4:34,4:31,4:24,3:28,5:22,0:00
10/21/2024 20:00,4:30,4:25,4:21,3:28,5:19,0:00
10/21/2024 21:00,4:21,4:24,4:14,3:29,5:14,0:00
10/21/2024 22:00,4:18,4:21,4:11,3:29,5:10,0:00
10/21/2024 23:00,4:13,4:18,4:07,3:26,5:03,0:00
10/22/2024 0:00,4:13,4:16,4:04,3:25,5:00,0:00
10/22/2024 1:00,4:12,4:15,4:03,3:25,4:57,0:00
10/22/2024 2:00,4:11,4:13,4:02,3:25,4:56,0:00
10/22/2024 3:00,4:09,4:10,3:57,3:18,4:47,0:00
10/22/2024 4:00,4:07,4:07,3:56,3:16,4:41,0:00
10/22/2024 5:00,4:00,3:56,3:49,3:12,4:32,0:00
10/22/2024 6:00,4:04,4:00,3:55,3:14,4:24,0:00
10/22/2024 7:00,4:45,4:48,4:46,3:51,5:34,0:00
10/22/2024 8:00,4:53,4:54,4:59,3:46,5:53,0:00
10/22/2024 9:00,4:55,4:51,4:52,3:55,5:42,0:00
10/22/2024 10:00,4:41,4:46,4:35,3:44,5:28,0:00
10/22/2024 11:00,4:30,4:34,4:24,3:45,5:14,0:00
10/22/2024 12:00,4:38,4:34,4:34,3:52,5:26,0:00
10/22/2024 13:00,4:26,4:23,4:21,3:35,5:15,0:00
10/22/2024 14:00,4:37,4:37,4:37,3:39,5:40,0:00
10/22/2024 15:00,4:52,5:04,4:55,3:56,5:54,0:00
10/22/2024 16:00,4:40,4:48,4:37,3:47,5:36,0:00
10/22/2024 17:00,4:29,4:32,4:27,3:34,5:23,0:00
10/22/2024 18:00,4:22,4:18,4:18,3:24,5:01,0:00
10/22/2024 19:00,4:20,4:15,4:15,3:26,5:03,0:00
10/22/2024 20:00,4:23,4:23,4:16,3:29,5:11,0:00
10/22/2024 21:00,4:32,4:35,4:26,3:32,5:16,0:00
10/22/2024 22:00,4:33,4:36,4:27,3:31,5:20,0:00
10/22/2024 23:00,4:31,4:34,4:26,3:30,5:18,0:00
10/23/2024 0:00,4:28,4:33,4:25,3:31,5:20,0:00
10/23/2024 1:00,4:27,4:30,4:26,3:34,5:16,0:00
10/23/2024 2:00,4:25,4:29,4:24,3:35,5:09,0:00
10/23/2024 3:00,4:23,4:27,4:23,3:35,5:04,0:00
10/23/2024 4:00,4:20,4:20,4:19,3:31,4:57,0:00
10/23/2024 5:00,4:18,4:18,4:16,3:35,4:43,0:00
10/23/2024 6:00,4:15,4:10,4:09,3:32,4:38,0:00
10/23/2024 7:00,4:51,4:50,4:48,3:52,5:39,0:00
10/23/2024 8:00,5:30,5:23,5:21,4:03,6:40,0:00
10/23/2024 9:00,4:53,4:55,4:52,3:45,5:45,0:00
10/23/2024 10:00,4:43,4:43,4:37,3:38,5:36,0:00
10/23/2024 11:00,4:34,4:40,4:33,3:40,5:35,0:00
10/23/2024 12:00,4:26,4:28,4:28,3:39,5:18,0:00
10/23/2024 13:00,4:20,4:24,4:11,3:34,5:04,0:00
10/23/2024 14:00,4:21,4:21,4:12,3:28,5:08,0:00
10/23/2024 15:00,4:27,4:24,4:17,3:31,5:10,0:00
10/23/2024 16:00,4:21,4:26,4:13,3:35,5:03,0:00
10/23/2024 17:00,4:27,4:33,4:24,3:42,5:07,0:00
10/23/2024 18:00,4:23,4:19,4:24,3:40,5:08,0:00
10/23/2024 19:00,4:22,4:21,4:19,3:38,5:08,0:00
10/23/2024 20:00,4:20,4:20,4:17,3:42,5:09,0:00
10/23/2024 21:00,4:17,4:18,4:14,3:38,5:00,0:00
10/23/2024 22:00,4:11,4:15,4:11,3:36,4:57,0:00
10/23/2024 23:00,4:07,4:13,4:09,3:36,4:54,0:00
10/24/2024 0:00,4:07,4:11,4:08,3:36,4:50,0:00
10/24/2024 1:00,4:07,4:09,4:07,3:36,4:50,0:00
10/24/2024 2:00,4:07,4:09,4:08,3:36,4:50,0:00
10/24/2024 3:00,4:07,4:06,4:09,3:36,4:44,0:00
10/24/2024 4:00,4:06,4:03,4:05,3:37,4:32,0:00
10/24/2024 5:00,4:05,4:03,4:04,3:32,4:28,0:00
10/24/2024 6:00,4:04,4:06,4:02,3:18,4:35,0:00
10/24/2024 7:00,4:47,4:58,4:42,3:42,5:50,0:00
10/24/2024 8:00,5:08,5:19,4:57,3:55,6:18,0:00
10/24/2024 9:00,4:38,4:44,4:35,3:43,5:29,0:00
10/24/2024 10:00,4:34,4:31,4:28,3:37,5:23,0:00
10/24/2024 11:00,4:41,4:43,4:36,3:42,5:35,0:00
10/24/2024 12:00,4:33,4:33,4:26,3:36,5:26,0:00
10/24/2024 13:00,4:32,4:36,4:27,3:41,5:16,0:00
10/24/2024 14:00,4:29,4:34,4:28,3:38,5:18,0:00
10/24/2024 15:00,4:44,4:52,4:38,3:41,5:46,0:00
10/24/2024 16:00,4:35,4:34,4:32,3:26,5:30,0:00
10/24/2024 17:00,4:27,4:27,4:30,3:30,5:28,0:00
10/24/2024 18:00,4:29,4:41,4:27,3:36,5:24,0:00
10/24/2024 19:00,4:26,4:38,4:19,3:35,5:19,0:00
10/24/2024 20:00,4:23,4:28,4:20,3:37,5:17,0:00
10/24/2024 21:00,4:17,4:19,4:16,3:39,5:10,0:00
10/24/2024 22:00,4:18,4:16,4:13,3:38,5:07,0:00
10/24/2024 23:00,4:18,4:12,4:11,3:35,5:06,0:00
10/25/2024 0:00,4:17,4:18,4:12,3:33,5:06,0:00
10/25/2024 1:00,4:17,4:16,4:12,3:33,5:05,0:00
10/25/2024 2:00,4:17,4:17,4:12,3:33,5:05,0:00
10/25/2024 3:00,4:15,4:15,4:10,3:31,5:03,0:00
10/25/2024 4:00,4:10,4:09,4:03,3:24,4:50,0:00
10/25/2024 5:00,4:07,4:01,3:57,3:16,4:40,0:00
10/25/2024 6:00,4:04,4:06,3:58,3:17,4:34,0:00
10/25/2024 7:00,5:00,4:56,4:57,3:57,6:03,0:00
10/25/2024 8:00,5:09,5:09,5:04,3:55,6:19,0:00
10/25/2024 9:00,4:48,4:46,4:38,3:39,5:41,0:00
10/25/2024 10:00,4:47,4:35,4:36,3:36,5:44,0:00
10/25/2024 11:00,4:39,4:46,4:36,3:43,5:37,0:00
10/25/2024 12:00,4:31,4:37,4:25,3:36,5:23,0:00
10/25/2024 13:00,4:22,4:24,4:19,3:23,5:08,0:00
10/25/2024 14:00,4:24,4:31,4:23,3:29,5:19,0:00
10/25/2024 15:00,4:49,4:57,4:49,3:56,5:58,0:00
10/25/2024 16:00,4:43,4:41,4:40,3:42,5:23,0:00
10/25/2024 17:00,4:19,4:19,4:16,3:27,4:56,0:00
10/25/2024 18:00,4:25,4:22,4:24,3:31,5:06,0:00
10/25/2024 19:00,4:30,4:28,4:27,3:37,5:15,0:00
10/25/2024 20:00,4:22,4:25,4:18,3:31,5:16,0:00
10/25/2024 21:00,4:22,4:23,4:14,3:33,5:14,0:00
10/25/2024 22:00,4:28,4:26,4:20,3:46,5:08,0:00
10/25/2024 23:00,4:23,4:23,4:16,3:45,4:57,0:00
10/28/2024 0:00,4:02,4:00,3:59,3:22,4:29,0:00
10/28/2024 1:00,3:59,3:55,3:55,3:17,4:21,0:00
10/28/2024 2:00,3:58,3:54,3:54,3:19,4:17,0:00
10/28/2024 3:00,3:54,3:49,3:51,3:16,4:11,0:00
10/28/2024 4:00,3:51,3:44,3:49,3:12,4:07,0:00
10/28/2024 5:00,3:47,3:46,3:47,3:12,4:10,0:00
10/28/2024 6:00,3:55,3:55,3:50,3:16,4:15,0:00
10/28/2024 7:00,4:16,4:16,4:07,3:30,4:39,0:00
10/28/2024 8:00,4:50,4:43,4:41,3:47,5:36,0:00
10/28/2024 9:00,4:28,4:30,4:20,3:31,5:08,0:00
10/28/2024 10:00,4:20,4:29,4:13,3:22,5:13,0:00
10/28/2024 11:00,4:20,4:19,4:11,3:22,4:55,0:00
10/28/2024 12:00,4:19,4:22,4:16,3:31,5:01,0:00
10/28/2024 13:00,4:17,4:19,4:12,3:26,5:03,0:00
10/28/2024 14:00,4:23,4:26,4:17,3:39,5:14,0:00
10/28/2024 15:00,4:36,4:37,4:31,3:44,5:36,0:00
10/28/2024 16:00,4:32,4:38,4:26,3:38,5:36,0:00
10/28/2024 17:00,4:19,4:22,4:11,3:27,5:06,0:00
10/28/2024 18:00,4:19,4:16,4:11,3:28,4:57,0:00
10/28/2024 19:00,4:19,4:14,4:14,3:28,4:58,0:00
10/28/2024 20:00,4:19,4:19,4:15,3:30,5:00,0:00
10/28/2024 21:00,4:11,4:09,4:05,3:31,4:38,0:00
10/28/2024 22:00,4:05,4:02,4:00,3:33,4:23,0:00
10/28/2024 23:00,4:02,3:56,3:56,3:27,4:17,0:00
10/29/2024 0:00,3:59,3:53,3:52,3:26,4:13,0:00
10/29/2024 1:00,3:52,3:50,3:47,3:25,4:06,0:00
10/29/2024 2:00,3:49,3:48,3:45,3:22,4:02,0:00
10/29/2024 3:00,3:47,3:47,3:45,3:17,4:01,0:00
10/29/2024 4:00,3:48,3:42,3:43,3:13,4:02,0:00
10/29/2024 5:00,3:48,3:45,3:42,3:12,4:08,0:00
10/29/2024 6:00,3:56,3:57,3:51,3:25,4:15,0:00
10/29/2024 7:00,4:16,4:18,4:15,3:29,4:52,0:00
10/29/2024 8:00,4:35,4:44,4:38,3:48,5:33,0:00
10/29/2024 9:00,4:50,4:52,4:43,3:40,5:52,0:00
10/29/2024 10:00,4:45,4:53,4:37,3:44,5:41,0:00
10/29/2024 11:00,4:23,4:26,4:15,3:26,5:14,0:00
10/29/2024 12:00,4:26,4:34,4:16,3:32,5:17,0:00
10/29/2024 13:00,4:21,4:27,4:17,3:27,5:12,0:00
10/29/2024 14:00,4:24,4:27,4:20,3:36,5:09,0:00
10/29/2024 15:00,4:28,4:30,4:23,3:33,5:16,0:00
10/29/2024 16:00,4:41,4:40,4:35,3:37,5:31,0:00
10/29/2024 17:00,4:31,4:26,4:24,3:32,5:15,0:00
10/29/2024 18:00,4:16,4:13,4:10,3:23,5:00,0:00
10/29/2024 19:00,4:05,4:13,4:08,3:23,4:51,0:00
10/29/2024 20:00,4:13,4:13,4:10,3:30,4:51,0:00
10/29/2024 21:00,4:15,4:12,4:16,3:36,4:46,0:00
10/29/2024 22:00,4:09,4:05,4:12,3:35,4:35,0:00
10/29/2024 23:00,4:08,4:04,4:10,3:31,4:37,0:00
10/30/2024 0:00,4:03,4:01,4:04,3:30,4:30,0:00
10/30/2024 1:00,4:01,3:57,4:01,3:28,4:28,0:00
10/30/2024 2:00,4:00,3:57,4:00,3:26,4:24,0:00
10/30/2024 3:00,3:58,3:55,3:57,3:24,4:19,0:00
10/30/2024 4:00,3:55,3:54,3:55,3:21,4:16,0:00
10/30/2024 5:00,3:49,3:51,3:50,3:14,4:09,0:00
10/30/2024 6:00,3:50,3:51,3:48,3:22,4:12,0:00
10/30/2024 7:00,4:29,4:30,4:21,3:43,5:05,0:00
10/30/2024 8:00,5:04,5:11,5:00,3:57,6:05,0:00
10/30/2024 9:00,4:59,5:11,4:48,3:54,6:01,0:00
10/30/2024 10:00,4:36,4:39,4:32,3:40,5:18,0:00
10/30/2024 11:00,4:35,4:29,4:31,3:50,5:03,0:00
10/30/2024 12:00,4:39,4:36,4:31,3:54,5:20,0:00
10/30/2024 13:00,4:40,4:34,4:30,3:46,5:27,0:00
10/30/2024 14:00,4:38,4:37,4:29,3:34,5:27,0:00
10/30/2024 15:00,4:44,4:46,4:32,3:46,5:28,0:00
10/30/2024 16:00,4:35,4:38,4:29,3:46,5:10,0:00
10/30/2024 17:00,4:31,4:38,4:26,3:38,5:16,0:00
10/30/2024 18:00,4:42,4:43,4:37,3:40,5:22,0:00
10/30/2024 19:00,4:22,4:20,4:16,3:34,4:59,0:00
10/30/2024 20:00,4:08,4:12,4:04,3:30,4:46,0:00
10/30/2024 21:00,4:06,4:08,4:02,3:29,4:44,0:00
10/30/2024 22:00,4:06,4:13,4:05,3:32,4:47,0:00
10/30/2024 23:00,4:03,4:05,4:03,3:26,4:37,0:00
10/31/2024 0:00,4:00,4:02,4:00,3:18,4:31,0:00
10/31/2024 1:00,4:00,4:01,3:59,3:19,4:30,0:00
10/31/2024 2:00,3:56,4:01,3:55,3:21,4:29,0:00
10/31/2024 3:00,3:54,3:56,3:54,3:24,4:24,0:00
10/31/2024 4:00,3:54,3:54,3:53,3:21,4:23,0:00
10/31/2024 5:00,3:53,3:57,3:49,3:10,4:25,0:00
10/31/2024 6:00,3:59,4:03,3:53,3:19,4:29,0:00
10/31/2024 7:00,4:22,4:22,4:18,3:38,4:57,0:00
10/31/2024 8:00,5:07,5:02,4:57,3:51,6:10,0:00
10/31/2024 9:00,4:45,4:45,4:43,3:49,5:28,0:00
10/31/2024 10:00,4:28,4:33,4:26,3:41,5:15,0:00
10/31/2024 11:00,4:30,4:26,4:24,3:42,5:17,0:00
10/31/2024 12:00,4:35,4:32,4:29,3:41,5:25,0:00
10/31/2024 13:00,4:33,4:36,4:29,3:42,5:16,0:00
10/31/2024 14:00,4:27,4:28,4:20,3:38,5:15,0:00
10/31/2024 15:00,4:30,4:31,4:28,3:48,5:08,0:00
10/31/2024 16:00,4:31,4:31,4:27,3:36,5:20,0:00
10/31/2024 17:00,4:37,4:41,4:33,3:42,5:39,0:00
10/31/2024 18:00,4:48,4:58,4:50,3:47,5:59,0:00
10/31/2024 19:00,4:35,4:42,4:33,3:35,5:39,0:00
10/31/2024 20:00,4:35,4:36,4:28,3:37,5:21,0:00
10/31/2024 21:00,4:23,4:25,4:21,3:36,4:59,0:00
10/31/2024 22:00,4:14,4:18,4:15,3:33,4:48,0:00
10/31/2024 23:00,4:10,4:14,4:10,3:31,4:41,0:00
11/1/2024 0:00,4:07,4:08,4:08,3:25,4:38,0:00
11/1/2024 1:00,4:01,4:03,4:04,3:22,4:35,0:00
11/1/2024 2:00,4:01,4:02,4:06,3:23,4:32,0:00
11/1/2024 3:00,3:54,3:49,4:00,3:15,4:24,0:00
11/1/2024 4:00,3:48,3:44,3:51,3:11,4:21,0:00
11/1/2024 5:00,3:43,3:41,3:44,3:09,4:11,0:00
11/1/2024 6:00,3:55,3:52,3:56,3:14,4:21,0:00
11/1/2024 7:00,4:26,4:26,4:25,3:37,5:01,0:00
11/1/2024 8:00,4:50,4:36,4:50,3:45,5:44,0:00
11/1/2024 9:00,4:49,4:52,4:42,3:42,5:43,0:00
11/1/2024 10:00,4:34,4:39,4:25,3:35,5:29,0:00
11/1/2024 11:00,4:39,4:43,4:33,3:35,5:37,0:00
11/1/2024 12:00,4:28,4:31,4:25,3:32,5:21,0:00
11/1/2024 13:00,4:34,4:35,4:30,3:41,5:29,0:00
11/1/2024 14:00,4:53,4:52,4:44,3:41,5:58,0:00
11/1/2024 15:00,4:48,4:49,4:43,3:46,5:51,0:00
11/1/2024 16:00,4:41,4:41,4:34,3:39,5:35,0:00
11/1/2024 17:00,4:31,4:38,4:28,3:39,5:21,0:00
11/1/2024 18:00,4:39,4:48,4:31,3:35,5:38,0:00
11/1/2024 19:00,4:29,4:34,4:24,3:31,5:22,0:00
11/1/2024 20:00,4:26,4:28,4:21,3:37,5:08,0:00
11/1/2024 21:00,4:28,4:27,4:22,3:39,5:06,0:00
11/1/2024 22:00,4:20,4:18,4:16,3:29,4:58,0:00
11/1/2024 23:00,4:16,4:15,4:08,3:25,4:53,0:00
11/4/2024 0:00,4:00,4:04,4:02,3:18,4:42,0:00
11/4/2024 1:00,4:01,4:03,4:02,3:18,4:49,0:00
11/4/2024 2:00,4:01,4:02,4:01,3:16,4:51,0:00
11/4/2024 3:00,3:59,3:56,3:59,3:12,4:46,0:00
11/4/2024 4:00,3:51,3:52,3:52,3:09,4:37,0:00
11/4/2024 5:00,3:50,3:50,3:49,3:05,4:26,0:00
11/4/2024 6:00,3:57,4:00,3:56,3:23,4:33,0:00
11/4/2024 7:00,4:29,4:39,4:26,3:31,5:23,0:00
11/4/2024 8:00,5:05,5:10,5:02,3:50,6:21,0:00
11/4/2024 9:00,5:01,4:57,4:57,3:42,6:05,0:00
11/4/2024 10:00,5:15,5:09,5:11,3:53,6:12,0:00
11/4/2024 11:00,4:51,4:51,4:44,3:41,5:45,0:00
11/4/2024 12:00,4:41,4:44,4:37,3:38,5:38,0:00
11/4/2024 13:00,4:36,4:39,4:32,3:37,5:23,0:00
11/4/2024 14:00,4:42,4:36,4:45,3:35,5:48,0:00
11/4/2024 15:00,5:06,4:56,5:03,3:39,6:08,0:00
11/4/2024 16:00,4:53,4:53,4:56,3:49,6:05,0:00
11/4/2024 17:00,4:39,4:49,4:41,3:44,5:53,0:00
11/4/2024 18:00,4:20,4:29,4:17,3:31,5:22,0:00
11/4/2024 19:00,4:15,4:25,4:13,3:27,5:16,0:00
11/4/2024 20:00,4:13,4:14,4:13,3:19,5:09,0:00
11/4/2024 21:00,4:16,4:19,4:17,3:25,5:03,0:00
11/4/2024 22:00,4:15,4:20,4:16,3:28,4:58,0:00
11/4/2024 23:00,4:14,4:21,4:13,3:33,4:52,0:00
11/5/2024 0:00,4:10,4:18,4:10,3:30,4:47,0:00
11/5/2024 1:00,4:08,4:16,4:08,3:29,4:47,0:00
11/5/2024 2:00,4:06,4:13,4:08,3:30,4:46,0:00
11/5/2024 3:00,4:00,4:04,4:01,3:27,4:37,0:00
11/5/2024 4:00,3:54,3:59,3:56,3:27,4:29,0:00
11/5/2024 5:00,3:51,3:56,3:50,3:19,4:23,0:00
11/5/2024 6:00,4:03,4:08,4:00,3:32,4:30,0:00
11/5/2024 7:00,4:26,4:30,4:21,3:36,5:05,0:00
11/5/2024 8:00,4:56,4:59,4:49,3:48,5:47,0:00
11/5/2024 9:00,5:08,5:15,5:05,3:59,6:11,0:00
11/5/2024 10:00,4:43,4:49,4:39,3:47,5:38,0:00
11/5/2024 11:00,5:05,5:06,5:03,3:44,6:08,0:00
11/5/2024 12:00,4:45,4:39,4:38,3:31,5:31,0:00
11/5/2024 13:00,4:36,4:31,4:34,3:41,5:26,0:00
11/5/2024 14:00,4:53,4:49,4:49,3:44,5:58,0:00
11/5/2024 15:00,5:07,5:14,5:08,4:04,6:16,0:00
11/5/2024 16:00,4:29,4:34,4:28,3:35,5:24,0:00
11/5/2024 17:00,4:37,4:46,4:35,3:44,5:40,0:00
11/5/2024 18:00,4:21,4:22,4:21,3:28,5:13,0:00
11/5/2024 19:00,4:10,4:09,4:11,3:24,4:48,0:00
11/5/2024 20:00,4:09,4:08,4:11,3:27,4:40,0:00
11/5/2024 21:00,4:09,4:08,4:08,3:28,4:43,0:00
11/5/2024 22:00,4:07,4:08,4:05,3:28,4:41,0:00
11/5/2024 23:00,4:04,4:05,4:03,3:28,4:34,0:00
11/6/2024 0:00,4:01,4:03,4:01,3:26,4:33,0:00
11/6/2024 1:00,3:52,3:55,3:54,3:16,4:35,0:00
11/6/2024 2:00,3:42,3:47,3:44,3:14,4:19,0:00
11/6/2024 3:00,3:40,3:45,3:41,3:13,4:09,0:00
11/6/2024 4:00,3:34,3:39,3:36,3:09,4:03,0:00
11/6/2024 5:00,3:33,3:38,3:34,3:02,4:01,0:00
11/6/2024 6:00,3:49,3:54,3:48,3:14,4:23,0:00
11/6/2024 7:00,4:16,4:17,4:15,3:30,4:58,0:00
11/6/2024 8:00,5:06,5:03,5:04,3:51,6:15,0:00
11/6/2024 9:00,4:45,4:46,4:38,3:49,5:33,0:00
11/6/2024 10:00,4:29,4:36,4:21,3:33,5:26,0:00
11/6/2024 11:00,4:42,4:43,4:36,3:29,5:41,0:00
11/6/2024 12:00,4:36,4:32,4:32,3:31,5:28,0:00
11/6/2024 13:00,4:30,4:32,4:31,3:36,5:18,0:00
11/6/2024 14:00,4:22,4:21,4:22,3:35,5:08,0:00
11/6/2024 15:00,4:31,4:34,4:29,3:34,5:22,0:00
11/6/2024 16:00,4:43,4:43,4:43,3:38,5:35,0:00
11/6/2024 17:00,4:45,4:39,4:39,3:42,5:33,0:00
11/6/2024 18:00,4:33,4:35,4:30,3:41,5:21,0:00
11/6/2024 19:00,4:24,4:33,4:19,3:36,5:16,0:00
11/6/2024 20:00,4:21,4:25,4:17,3:35,5:11,0:00
11/6/2024 21:00,4:20,4:25,4:16,3:38,5:04,0:00
11/6/2024 22:00,4:12,4:16,4:12,3:33,4:50,0:00
11/6/2024 23:00,4:13,4:14,4:08,3:28,4:48,0:00
11/7/2024 0:00,4:11,4:12,4:04,3:25,4:47,0:00
11/7/2024 1:00,4:01,4:05,3:54,3:21,4:43,0:00
11/7/2024 2:00,4:00,4:04,3:53,3:21,4:40,0:00
11/7/2024 3:00,3:55,4:00,3:49,3:15,4:29,0:00
11/7/2024 4:00,3:42,3:49,3:40,3:04,4:12,0:00
11/7/2024 5:00,3:42,3:45,3:41,3:08,4:08,0:00
11/7/2024 6:00,4:02,4:04,3:59,3:31,4:25,0:00
11/7/2024 7:00,4:28,4:30,4:23,3:41,5:08,0:00
11/7/2024 8:00,4:55,4:49,4:57,3:47,5:52,0:00
11/7/2024 9:00,4:52,4:48,4:49,3:43,5:47,0:00
11/7/2024 10:00,4:57,4:59,4:47,3:51,5:47,0:00
11/7/2024 11:00,4:37,4:38,4:30,3:41,5:31,0:00
11/7/2024 12:00,4:28,4:28,4:23,3:24,5:29,0:00
11/7/2024 13:00,4:27,4:28,4:22,3:28,5:10,0:00
11/7/2024 14:00,4:20,4:22,4:16,3:25,5:10,0:00
11/7/2024 15:00,4:42,4:48,4:36,3:44,5:41,0:00
11/7/2024 16:00,4:44,4:49,4:39,3:44,5:40,0:00
11/7/2024 17:00,4:42,4:44,4:40,3:36,5:40,0:00
11/7/2024 18:00,4:32,4:36,4:31,3:33,5:29,0:00
11/7/2024 19:00,4:14,4:12,4:14,3:23,4:58,0:00
11/7/2024 20:00,4:11,4:06,4:02,3:09,4:47,0:00
11/7/2024 21:00,4:06,4:03,3:55,3:08,4:40,0:00
11/7/2024 22:00,4:02,4:04,3:54,3:13,4:39,0:00
11/7/2024 23:00,3:58,3:59,3:55,3:13,4:38,0:00
11/8/2024 0:00,3:55,3:56,3:53,3:15,4:40,0:00
11/8/2024 1:00,3:50,3:57,3:52,3:18,4:38,0:00
11/8/2024 2:00,3:46,3:57,3:53,3:15,4:36,0:00
11/8/2024 3:00,3:48,3:57,3:52,3:16,4:32,0:00
11/8/2024 4:00,3:43,3:55,3:44,3:12,4:20,0:00
11/8/2024 5:00,3:47,3:57,3:47,3:12,4:18,0:00
11/8/2024 6:00,4:09,4:19,4:12,3:33,4:41,0:00
11/8/2024 7:00,4:24,4:32,4:24,3:30,5:14,0:00
11/8/2024 8:00,4:55,5:03,4:52,3:41,6:00,0:00
11/8/2024 9:00,4:56,5:00,4:54,3:40,6:07,0:00
11/8/2024 10:00,4:41,4:52,4:37,3:41,5:53,0:00
11/8/2024 11:00,4:57,5:03,4:47,3:44,6:01,0:00
11/8/2024 12:00,4:50,4:50,4:45,3:36,5:51,0:00
11/8/2024 13:00,4:44,4:45,4:40,3:34,5:43,0:00
11/8/2024 14:00,4:46,4:45,4:37,3:31,5:48,0:00
11/8/2024 15:00,4:55,4:56,4:48,3:44,6:01,0:00
11/8/2024 16:00,4:46,4:43,4:41,3:35,5:53,0:00
11/8/2024 17:00,4:40,4:43,4:36,3:37,5:34,0:00
11/8/2024 18:00,4:29,4:38,4:29,3:38,5:30,0:00
11/8/2024 19:00,4:19,4:23,4:12,3:28,5:09,0:00
11/8/2024 20:00,4:13,4:20,4:09,3:29,5:03,0:00
11/8/2024 21:00,4:13,4:15,4:04,3:27,4:51,0:00
11/8/2024 22:00,4:11,4:08,4:00,3:20,4:47,0:00
11/8/2024 23:00,4:11,4:10,3:55,3:16,4:47,0:00
11/11/2024 0:00,3:53,4:01,3:48,3:02,4:48,0:00
11/11/2024 1:00,3:48,3:58,3:46,3:01,4:39,0:00
11/11/2024 2:00,3:51,3:58,3:46,3:07,4:39,0:00
11/11/2024 3:00,3:45,3:57,3:43,2:59,4:33,0:00
11/11/2024 4:00,3:40,3:50,3:37,2:56,4:24,0:00
11/11/2024 5:00,3:39,3:51,3:35,3:04,4:19,0:00
11/11/2024 6:00,3:49,4:00,3:44,3:14,4:22,0:00
11/11/2024 7:00,4:04,4:08,4:03,3:21,4:39,0:00
11/11/2024 8:00,4:27,4:32,4:28,3:30,5:22,0:00
11/11/2024 9:00,4:39,4:42,4:40,3:52,5:30,0:00
11/11/2024 10:00,5:14,5:15,5:12,4:13,6:04,0:00
11/11/2024 11:00,5:07,5:14,5:04,4:02,6:19,0:00
11/11/2024 12:00,4:58,5:06,4:56,4:06,6:00,0:00
11/11/2024 13:00,4:48,4:51,4:49,3:56,5:39,0:00
11/11/2024 14:00,4:35,4:41,4:33,3:56,5:20,0:00
11/11/2024 15:00,4:27,4:31,4:27,3:50,5:07,0:00
11/11/2024 16:00,4:47,5:02,4:46,4:01,5:52,0:00
11/11/2024 17:00,4:38,4:48,4:42,3:59,5:32,0:00
11/11/2024 18:00,4:37,4:41,4:34,3:47,5:31,0:00
11/11/2024 19:00,4:28,4:31,4:23,3:43,5:14,0:00
11/11/2024 20:00,4:20,4:24,4:10,3:40,4:50,0:00
11/11/2024 21:00,4:26,4:28,4:14,3:47,4:47,0:00
11/11/2024 22:00,4:27,4:28,4:19,3:48,4:46,0:00
11/11/2024 23:00,4:17,4:21,4:11,3:40,4:39,0:00
11/12/2024 0:00,4:12,4:14,4:06,3:36,4:32,0:00
11/12/2024 1:00,4:12,4:12,4:04,3:35,4:32,0:00
11/12/2024 2:00,4:09,4:09,4:03,3:34,4:32,0:00
11/12/2024 3:00,4:01,3:58,3:54,3:25,4:24,0:00
11/12/2024 4:00,3:52,3:53,3:44,3:21,4:13,0:00
11/12/2024 5:00,3:50,3:52,3:47,3:13,4:14,0:00
11/12/2024 6:00,4:02,4:07,3:57,3:27,4:28,0:00
11/12/2024 7:00,4:42,4:47,4:38,4:01,5:21,0:00
11/12/2024 8:00,4:59,5:02,4:54,4:17,5:41,0:00
11/12/2024 9:00,5:20,5:23,5:13,4:29,6:03,0:00
11/12/2024 10:00,4:50,4:50,4:43,4:03,5:40,0:00
11/12/2024 11:00,4:54,4:56,4:44,3:59,5:42,0:00
11/12/2024 12:00,4:56,4:59,4:49,4:03,5:43,0:00
11/12/2024 13:00,4:57,5:02,4:56,4:11,5:50,0:00
11/12/2024 14:00,4:52,4:59,4:45,3:57,5:52,0:00
11/12/2024 15:00,5:21,5:27,5:08,4:25,6:16,0:00
11/12/2024 16:00,5:19,5:23,5:09,4:20,6:07,0:00
11/12/2024 17:00,5:12,5:12,5:10,4:08,6:21,0:00
11/12/2024 18:00,4:54,5:00,4:47,3:59,5:56,0:00
11/12/2024 19:00,4:32,4:42,4:24,3:49,5:32,0:00
11/12/2024 20:00,4:28,4:36,4:20,3:46,5:22,0:00
11/12/2024 21:00,4:33,4:37,4:29,3:51,5:16,0:00
11/12/2024 22:00,4:29,4:29,4:30,3:49,5:08,0:00
11/12/2024 23:00,4:29,4:28,4:31,3:56,5:00,0:00
11/13/2024 0:00,4:26,4:26,4:27,3:49,4:59,0:00
11/13/2024 1:00,4:26,4:25,4:25,3:44,5:01,0:00
11/13/2024 2:00,4:20,4:11,4:18,3:39,4:50,0:00
11/13/2024 3:00,4:17,4:10,4:15,3:36,4:47,0:00
11/13/2024 4:00,4:07,4:07,4:05,3:29,4:39,0:00
11/13/2024 5:00,4:04,3:59,4:00,3:28,4:26,0:00
11/13/2024 6:00,4:08,4:13,4:04,3:40,4:32,0:00
11/13/2024 7:00,4:58,4:58,4:56,4:14,5:36,0:00
11/13/2024 8:00,5:15,5:12,5:10,4:15,6:11,0:00
11/13/2024 9:00,4:56,5:03,4:54,4:01,5:52,0:00
11/13/2024 10:00,5:09,5:13,5:09,4:02,6:19,0:00
11/13/2024 11:00,4:54,4:56,4:53,4:03,5:44,0:00
11/13/2024 12:00,5:04,5:10,4:56,4:11,5:58,0:00
11/13/2024 13:00,5:06,5:13,4:57,4:10,6:01,0:00
11/13/2024 14:00,4:51,5:00,4:46,4:09,5:41,0:00
11/13/2024 15:00,5:07,5:14,5:01,4:24,5:54,0:00
11/13/2024 16:00,5:19,5:13,5:09,4:20,5:57,0:00
11/13/2024 17:00,5:07,5:09,5:01,4:03,5:51,0:00
11/13/2024 18:00,5:00,5:06,4:51,4:04,5:48,0:00
11/13/2024 19:00,4:39,4:46,4:32,3:50,5:30,0:00
11/13/2024 20:00,4:25,4:33,4:14,3:44,5:02,0:00
11/13/2024 21:00,4:37,4:46,4:26,3:51,5:27,0:00
11/13/2024 22:00,4:36,4:38,4:26,3:49,5:15,0:00
11/13/2024 23:00,4:23,4:29,4:16,3:44,4:58,0:00
11/14/2024 0:00,4:14,4:21,4:11,3:43,4:44,0:00
11/14/2024 1:00,4:14,4:18,4:13,3:43,4:40,0:00
11/14/2024 2:00,4:10,4:16,4:09,3:40,4:37,0:00
11/14/2024 3:00,4:04,4:10,4:04,3:37,4:34,0:00
11/14/2024 4:00,3:55,4:00,3:56,3:32,4:25,0:00
11/14/2024 5:00,3:50,3:47,3:50,3:23,4:16,0:00
11/14/2024 6:00,4:01,3:59,3:57,3:30,4:20,0:00
11/14/2024 7:00,4:36,4:39,4:30,3:43,5:14,0:00
11/14/2024 8:00,5:31,5:31,5:18,4:20,6:37,0:00
11/14/2024 9:00,5:06,5:13,4:58,4:15,6:01,0:00
11/14/2024 10:00,5:01,5:07,5:01,4:11,5:59,0:00
11/14/2024 11:00,5:14,5:15,5:05,4:16,6:02,0:00
11/14/2024 12:00,5:01,4:58,5:00,3:55,5:57,0:00
11/14/2024 13:00,5:21,5:24,5:18,4:09,6:27,0:00
11/14/2024 14:00,6:59,7:10,6:47,5:27,8:40,0:00
11/14/2024 15:00,5:34,5:29,5:26,4:31,6:27,0:00
11/14/2024 16:00,5:30,5:35,5:21,4:26,6:37,0:00
11/14/2024 17:00,5:44,5:43,5:42,4:27,7:02,0:00
11/14/2024 18:00,4:55,4:57,4:55,4:09,5:34,0:00
11/14/2024 19:00,4:24,4:26,4:18,3:45,4:51,0:00
11/14/2024 20:00,4:17,4:22,4:11,3:39,4:50,0:00
11/14/2024 21:00,4:23,4:29,4:17,3:48,5:01,0:00
11/14/2024 22:00,4:16,4:28,4:14,3:46,4:55,0:00
11/14/2024 23:00,4:12,4:23,4:08,3:39,4:45,0:00
11/15/2024 0:00,4:06,4:17,4:07,3:34,4:44,0:00
11/15/2024 1:00,4:07,4:17,4:07,3:35,4:42,0:00
11/15/2024 2:00,4:08,4:14,4:09,3:35,4:42,0:00
11/15/2024 3:00,4:04,4:14,4:06,3:35,4:44,0:00
11/15/2024 4:00,4:03,4:07,4:03,3:32,4:34,0:00
11/15/2024 5:00,3:57,4:00,3:56,3:26,4:23,0:00
11/15/2024 6:00,4:02,4:05,3:59,3:24,4:33,0:00
11/15/2024 7:00,4:36,4:41,4:36,3:45,5:25,0:00
11/15/2024 8:00,5:25,5:28,5:20,4:14,6:38,0:00
11/15/2024 9:00,5:01,5:07,4:57,4:08,6:01,0:00
11/15/2024 10:00,4:57,5:00,4:56,4:04,5:53,0:00
11/15/2024 11:00,5:04,5:08,5:02,4:02,6:07,0:00
11/15/2024 12:00,5:30,5:34,5:16,4:08,6:52,0:00
11/15/2024 13:00,5:24,5:31,5:18,4:16,6:30,0:00
11/15/2024 14:00,5:49,6:00,5:45,4:40,7:01,0:00
11/15/2024 15:00,5:39,5:41,5:33,4:33,6:36,0:00
11/15/2024 16:00,5:33,5:31,5:24,4:34,6:21,0:00
11/15/2024 17:00,5:40,5:43,5:34,4:32,6:45,0:00
11/15/2024 18:00,4:57,5:04,4:47,4:01,5:52,0:00
11/15/2024 19:00,4:26,4:36,4:16,3:50,5:13,0:00
11/15/2024 20:00,4:28,4:32,4:20,3:57,5:08,0:00
11/15/2024 21:00,4:33,4:37,4:30,3:59,5:10,0:00
11/15/2024 22:00,4:33,4:36,4:28,3:54,5:02,0:00
11/15/2024 23:00,4:27,4:31,4:25,3:50,4:51,0:00
11/18/2024 0:00,4:12,4:13,4:05,3:29,4:46,0:00
11/18/2024 1:00,4:10,4:10,4:01,3:29,4:51,0:00
11/18/2024 2:00,4:07,4:11,3:58,3:26,4:54,0:00
11/18/2024 3:00,4:05,4:06,3:58,3:24,4:47,0:00
11/18/2024 4:00,3:58,4:07,3:54,3:22,4:38,0:00
11/18/2024 5:00,3:56,4:07,3:54,3:22,4:29,0:00
11/18/2024 6:00,4:02,4:09,4:00,3:33,4:22,0:00
11/18/2024 7:00,4:31,4:31,4:32,3:48,5:07,0:00
11/18/2024 8:00,5:12,5:08,5:08,4:10,6:06,0:00
11/18/2024 9:00,5:08,5:10,5:05,4:04,5:57,0:00
11/18/2024 10:00,4:58,4:59,4:55,4:04,5:49,0:00
11/18/2024 11:00,5:07,5:13,5:05,4:21,5:56,0:00
11/18/2024 12:00,4:58,5:01,4:54,4:09,5:43,0:00
11/18/2024 13:00,5:12,5:22,5:11,4:21,6:08,0:00
11/18/2024 14:00,5:07,5:11,5:00,4:05,6:05,0:00
11/18/2024 15:00,5:17,5:19,5:12,4:14,6:06,0:00
11/18/2024 16:00,5:03,5:08,5:05,4:09,6:06,0:00
11/18/2024 17:00,4:51,4:48,4:53,3:58,5:41,0:00
11/18/2024 18:00,4:47,4:42,4:46,3:51,5:41,0:00
11/18/2024 19:00,4:41,4:39,4:35,3:44,5:28,0:00
11/18/2024 20:00,4:32,4:30,4:34,3:45,5:18,0:00
11/18/2024 21:00,4:31,4:28,4:32,3:46,5:09,0:00
11/18/2024 22:00,4:27,4:27,4:28,3:45,5:04,0:00
11/18/2024 23:00,4:25,4:28,4:24,3:44,5:01,0:00
11/19/2024 0:00,4:24,4:28,4:23,3:45,5:01,0:00
11/19/2024 1:00,4:26,4:28,4:23,3:46,5:01,0:00
11/19/2024 2:00,4:28,4:29,4:24,3:48,5:02,0:00
11/19/2024 3:00,4:27,4:29,4:21,3:46,4:57,0:00
11/19/2024 4:00,4:24,4:23,4:16,3:38,4:54,0:00
11/19/2024 5:00,4:11,4:13,4:05,3:28,4:43,0:00
11/19/2024 6:00,4:06,4:06,4:02,3:24,4:33,0:00
11/19/2024 7:00,4:33,4:31,4:31,3:51,5:13,0:00
11/19/2024 8:00,4:58,4:59,4:56,4:10,6:03,0:00
11/19/2024 9:00,5:01,4:59,4:57,3:58,5:51,0:00
11/19/2024 10:00,4:41,4:52,4:45,3:54,5:37,0:00
11/19/2024 11:00,4:47,4:51,4:56,4:02,5:50,0:00
11/19/2024 12:00,4:46,4:53,4:44,3:55,5:46,0:00
11/19/2024 13:00,4:43,4:48,4:38,3:55,5:42,0:00
11/19/2024 14:00,4:49,4:54,4:57,3:59,5:51,0:00
11/19/2024 15:00,5:21,5:17,5:28,4:14,6:30,0:00
11/19/2024 16:00,5:05,5:03,5:13,4:00,5:59,0:00
11/19/2024 17:00,4:46,4:46,4:46,3:43,5:38,0:00
11/19/2024 18:00,4:30,4:35,4:26,3:39,5:21,0:00
11/19/2024 19:00,4:21,4:29,4:12,3:37,5:10,0:00
11/19/2024 20:00,4:25,4:24,4:15,3:37,5:05,0:00
11/19/2024 21:00,4:21,4:22,4:12,3:37,5:04,0:00
11/19/2024 22:00,4:21,4:21,4:14,3:36,5:08,0:00
11/19/2024 23:00,4:18,4:20,4:13,3:34,5:04,0:00
11/20/2024 0:00,4:20,4:19,4:13,3:34,5:03,0:00
11/20/2024 1:00,4:23,4:22,4:17,3:35,5:00,0:00
11/20/2024 2:00,4:23,4:21,4:17,3:38,4:58,0:00
11/20/2024 3:00,4:21,4:19,4:14,3:37,4:56,0:00
11/20/2024 4:00,4:13,4:11,4:06,3:32,4:47,0:00
11/20/2024 5:00,4:04,4:04,4:05,3:34,4:39,0:00
11/20/2024 6:00,4:04,4:03,4:04,3:32,4:30,0:00
11/20/2024 7:00,4:28,4:27,4:26,3:46,5:02,0:00
11/20/2024 8:00,4:53,4:48,4:47,3:59,5:38,0:00
11/20/2024 9:00,4:53,5:02,4:49,3:52,5:59,0:00
11/20/2024 10:00,4:51,4:57,4:44,3:51,5:49,0:00
11/20/2024 11:00,4:54,5:04,4:50,3:57,5:50,0:00
11/20/2024 12:00,5:08,5:17,5:05,4:09,6:07,0:00
11/20/2024 13:00,4:54,4:55,4:52,4:03,5:44,0:00
11/20/2024 14:00,4:55,5:03,4:56,3:52,5:56,0:00
11/20/2024 15:00,5:04,5:10,5:08,3:58,6:16,0:00
11/20/2024 16:00,5:03,5:08,5:01,4:11,6:03,0:00
11/20/2024 17:00,5:09,5:14,5:07,4:14,6:08,0:00
11/20/2024 18:00,4:49,5:02,4:49,4:01,5:48,0:00
11/20/2024 19:00,4:34,4:35,4:29,3:51,5:17,0:00
11/20/2024 20:00,4:36,4:33,4:30,3:54,5:15,0:00
11/20/2024 21:00,4:34,4:33,4:32,4:00,5:06,0:00
11/20/2024 22:00,4:23,4:22,4:21,3:52,4:48,0:00
11/20/2024 23:00,4:16,4:16,4:15,3:48,4:45,0:00
11/21/2024 0:00,4:12,4:14,4:08,3:48,4:40,0:00
11/21/2024 1:00,4:10,4:15,4:06,3:43,4:40,0:00
11/21/2024 2:00,4:11,4:15,4:07,3:45,4:41,0:00
11/21/2024 3:00,4:11,4:13,4:06,3:41,4:41,0:00
11/21/2024 4:00,4:07,4:09,4:03,3:37,4:37,0:00
11/21/2024 5:00,3:56,4:02,3:54,3:31,4:18,0:00
11/21/2024 6:00,4:05,4:06,4:04,3:36,4:27,0:00
11/21/2024 7:00,4:33,4:32,4:30,3:49,5:04,0:00
11/21/2024 8:00,5:16,5:17,5:09,4:15,6:08,0:00
11/21/2024 9:00,5:00,5:07,4:57,4:11,5:53,0:00
11/21/2024 10:00,5:07,5:09,5:03,4:13,6:04,0:00
11/21/2024 11:00,5:21,5:14,5:15,4:18,6:09,0:00
11/21/2024 12:00,5:18,5:15,5:12,4:13,6:15,0:00
11/21/2024 13:00,4:57,4:58,4:55,4:15,5:35,0:00
11/21/2024 14:00,5:03,5:10,5:10,4:19,6:01,0:00
11/21/2024 15:00,4:55,5:08,4:54,4:08,6:05,0:00
11/21/2024 16:00,5:18,5:20,5:09,4:24,6:03,0:00
11/21/2024 17:00,5:22,5:23,5:13,4:24,6:07,0:00
11/21/2024 18:00,5:11,5:11,4:58,4:15,5:56,0:00
11/21/2024 19:00,4:57,5:00,4:47,4:04,5:42,0:00
11/21/2024 20:00,4:36,4:37,4:29,3:58,5:13,0:00
11/21/2024 21:00,4:35,4:36,4:25,3:59,5:03,0:00
11/21/2024 22:00,4:29,4:34,4:20,3:50,5:02,0:00
11/21/2024 23:00,4:24,4:29,4:16,3:44,5:00,0:00
11/22/2024 0:00,4:21,4:28,4:12,3:36,5:02,0:00
11/22/2024 1:00,4:24,4:29,4:11,3:36,5:03,0:00
11/22/2024 2:00,4:24,4:30,4:11,3:34,5:09,0:00
11/22/2024 3:00,4:23,4:30,4:11,3:32,5:05,0:00
11/22/2024 4:00,4:15,4:20,4:06,3:27,4:57,0:00
11/22/2024 5:00,4:05,4:09,4:00,3:22,4:46,0:00
11/22/2024 6:00,4:02,4:05,4:00,3:27,4:31,0:00
11/22/2024 7:00,4:35,4:36,4:30,3:50,5:06,0:00
11/22/2024 8:00,5:28,5:31,5:17,4:15,6:31,0:00
11/22/2024 9:00,5:10,5:15,4:59,4:09,5:59,0:00
11/22/2024 10:00,5:17,5:19,5:03,4:12,6:21,0:00
11/22/2024 11:00,5:19,5:27,5:12,4:27,6:18,0:00
11/22/2024 12:00,5:17,5:20,5:10,4:25,6:04,0:00
11/22/2024 13:00,5:18,5:27,5:14,4:22,6:08,0:00
11/22/2024 14:00,5:08,5:10,5:03,4:13,5:56,0:00
11/22/2024 15:00,5:44,5:46,5:38,4:39,6:40,0:00
11/22/2024 16:00,5:33,5:30,5:26,4:23,6:27,0:00
11/22/2024 17:00,5:30,5:35,5:26,4:33,6:16,0:00
11/22/2024 18:00,5:10,5:29,5:14,4:15,6:22,0:00
11/22/2024 19:00,4:49,5:02,4:50,3:56,5:50,0:00
11/22/2024 20:00,4:38,4:49,4:32,3:51,5:24,0:00
11/22/2024 21:00,4:32,4:38,4:28,3:58,5:12,0:00
11/22/2024 22:00,4:30,4:30,4:28,3:54,5:02,0:00
11/22/2024 23:00,4:26,4:29,4:24,3:53,4:55,0:00
11/25/2024 0:00,4:21,4:18,4:17,3:57,4:39,0:00
11/25/2024 1:00,4:20,4:20,4:17,3:58,4:39,0:00
11/25/2024 2:00,4:25,4:27,4:22,4:01,4:46,0:00
11/25/2024 3:00,4:37,4:37,4:38,4:07,5:17,0:00
11/25/2024 4:00,4:43,4:44,4:40,4:03,5:22,0:00
11/25/2024 5:00,4:28,5:01,4:28,3:58,5:36,0:00
11/25/2024 6:00,4:22,4:40,4:20,3:53,5:02,0:00
11/25/2024 7:00,4:23,4:27,4:17,3:44,4:51,0:00
11/25/2024 8:00,4:55,4:55,4:51,4:02,5:45,0:00
11/25/2024 9:00,4:50,4:49,4:41,3:53,5:31,0:00
11/25/2024 10:00,5:17,5:19,5:07,4:21,5:59,0:00
11/25/2024 11:00,5:22,5:20,5:14,4:20,6:07,0:00
11/25/2024 12:00,5:22,5:24,5:10,4:13,6:23,0:00
11/25/2024 13:00,5:17,5:17,5:05,4:06,6:08,0:00
11/25/2024 14:00,5:03,5:15,5:01,4:10,5:57,0:00
11/25/2024 15:00,5:00,5:02,4:53,4:05,5:55,0:00
11/25/2024 16:00,5:19,5:13,5:11,4:16,6:04,0:00
11/25/2024 17:00,5:07,5:06,5:07,4:16,5:55,0:00
11/25/2024 18:00,4:56,4:58,4:53,4:09,5:39,0:00
11/25/2024 19:00,4:41,4:46,4:39,3:53,5:30,0:00
11/25/2024 20:00,4:38,4:39,4:32,3:53,5:22,0:00
11/25/2024 21:00,4:35,4:40,4:31,3:59,5:13,0:00
11/25/2024 22:00,4:32,4:37,4:28,3:56,5:06,0:00
11/25/2024 23:00,4:26,4:30,4:21,3:47,4:57,0:00
11/26/2024 0:00,4:21,4:26,4:16,3:38,4:52,0:00
11/26/2024 1:00,4:19,4:25,4:14,3:35,4:52,0:00
11/26/2024 2:00,4:19,4:26,4:13,3:36,4:52,0:00
11/26/2024 3:00,4:17,4:26,4:13,3:35,4:50,0:00
11/26/2024 4:00,4:14,4:23,4:11,3:33,4:45,0:00
11/26/2024 5:00,4:11,4:15,4:09,3:30,4:39,0:00
11/26/2024 6:00,4:06,4:10,4:01,3:40,4:31,0:00
11/26/2024 7:00,4:24,4:24,4:20,3:47,4:53,0:00
11/26/2024 8:00,4:53,4:49,4:49,3:56,5:42,0:00
11/26/2024 9:00,5:26,5:28,5:26,4:33,6:21,0:00
11/26/2024 10:00,5:46,5:41,5:37,4:44,6:25,0:00
11/26/2024 11:00,5:47,5:50,5:43,4:45,6:46,0:00
11/26/2024 12:00,5:45,5:48,5:42,4:49,6:45,0:00
11/26/2024 13:00,5:18,5:19,5:16,4:27,6:02,0:00
11/26/2024 14:00,5:13,5:11,5:18,4:19,6:05,0:00
11/26/2024 15:00,5:24,5:30,5:16,4:27,6:18,0:00
11/26/2024 16:00,5:06,5:04,4:56,4:15,5:48,0:00
11/26/2024 17:00,5:22,5:27,5:22,4:26,6:28,0:00
11/26/2024 18:00,4:54,5:00,4:46,3:55,5:47,0:00
11/26/2024 19:00,4:47,4:57,4:41,3:53,5:52,0:00
11/26/2024 20:00,4:24,4:35,4:15,3:40,5:13,0:00
11/26/2024 21:00,4:38,4:39,4:29,3:47,5:21,0:00
11/26/2024 22:00,4:44,4:44,4:42,4:02,5:21,0:00
11/26/2024 23:00,4:40,4:43,4:36,4:01,5:25,0:00
11/27/2024 0:00,4:35,4:37,4:31,3:59,5:20,0:00
11/27/2024 1:00,4:33,4:33,4:23,3:57,5:11,0:00
11/27/2024 2:00,4:33,4:33,4:25,3:56,5:09,0:00
11/27/2024 3:00,4:31,4:30,4:23,3:54,5:03,0:00
11/27/2024 4:00,4:27,4:24,4:20,3:51,4:53,0:00
11/27/2024 5:00,4:17,4:14,4:12,3:43,4:39,0:00
11/27/2024 6:00,4:10,4:08,4:06,3:45,4:26,0:00
11/27/2024 7:00,4:30,4:30,4:26,3:56,4:58,0:00
11/27/2024 8:00,4:58,5:00,4:53,4:10,5:48,0:00
11/27/2024 9:00,5:43,5:41,5:32,4:37,6:30,0:00
11/27/2024 10:00,5:57,6:03,5:49,4:33,7:05,0:00
11/27/2024 11:00,5:58,6:11,5:48,4:45,7:09,0:00
11/27/2024 12:00,5:50,5:50,5:46,4:51,6:42,0:00
11/27/2024 13:00,5:37,5:43,5:36,4:33,6:43,0:00
11/27/2024 14:00,5:32,5:32,5:28,4:23,6:42,0:00
11/27/2024 15:00,5:53,5:58,5:41,4:32,7:12,0:00
11/27/2024 16:00,5:31,5:29,5:24,4:24,6:23,0:00
11/27/2024 17:00,6:06,6:08,6:00,4:55,7:01,0:00
11/27/2024 18:00,4:53,4:58,4:50,4:09,5:31,0:00
11/27/2024 19:00,4:58,5:01,4:57,4:16,5:42,0:00
11/27/2024 20:00,4:54,4:56,4:47,4:01,5:35,0:00
11/27/2024 21:00,4:53,5:00,4:47,3:59,5:39,0:00
11/27/2024 22:00,4:48,4:53,4:46,4:05,5:27,0:00
11/27/2024 23:00,4:48,4:56,4:40,4:09,5:23,0:00
11/28/2024 0:00,4:45,4:53,4:37,4:10,5:23,0:00
11/28/2024 1:00,4:41,4:45,4:31,4:05,5:15,0:00
11/28/2024 2:00,4:37,4:42,4:25,3:59,5:08,0:00
11/28/2024 3:00,4:33,4:40,4:23,3:56,5:05,0:00
11/28/2024 4:00,4:47,4:52,4:23,3:49,5:22,0:00
11/28/2024 5:00,4:28,4:32,4:20,3:48,5:09,0:00
11/28/2024 6:00,4:06,4:08,4:02,3:38,4:32,0:00
11/28/2024 7:00,4:09,4:09,4:05,3:35,4:29,0:00
11/28/2024 8:00,4:25,4:26,4:23,3:48,4:57,0:00
11/28/2024 9:00,4:36,4:37,4:36,3:45,5:19,0:00
11/28/2024 10:00,4:35,4:37,4:30,3:48,5:22,0:00
11/28/2024 11:00,4:29,4:31,4:24,3:45,5:12,0:00
11/28/2024 12:00,4:25,4:27,4:23,3:45,5:15,0:00
11/28/2024 13:00,4:33,4:38,4:25,3:50,5:19,0:00
11/28/2024 14:00,4:24,4:25,4:21,3:45,5:05,0:00
11/28/2024 15:00,4:16,4:20,4:10,3:34,4:54,0:00
11/28/2024 16:00,4:18,4:22,4:14,3:42,4:59,0:00
11/28/2024 17:00,4:19,4:19,4:19,3:38,4:52,0:00
11/28/2024 18:00,4:13,4:12,4:10,3:40,4:40,0:00
11/28/2024 19:00,4:15,4:15,4:13,3:47,4:35,0:00
11/28/2024 20:00,4:15,4:14,4:09,3:42,4:31,0:00
11/28/2024 21:00,4:25,4:27,4:14,3:39,4:53,0:00
11/28/2024 22:00,4:18,4:16,4:11,3:32,4:45,0:00
11/28/2024 23:00,4:14,4:14,4:09,3:37,4:36,0:00
11/29/2024 0:00,4:10,4:12,4:06,3:41,4:33,0:00
11/29/2024 1:00,4:08,4:09,4:06,3:42,4:31,0:00
11/29/2024 2:00,4:07,4:07,4:04,3:42,4:28,0:00
11/29/2024 3:00,4:07,4:07,4:04,3:43,4:28,0:00
11/29/2024 4:00,4:07,4:06,4:04,3:34,4:28,0:00
11/29/2024 5:00,4:05,4:05,3:59,3:27,4:25,0:00
11/29/2024 6:00,4:07,4:09,4:04,3:34,4:29,0:00
11/29/2024 7:00,4:21,4:21,4:19,3:52,4:48,0:00
11/29/2024 8:00,4:40,4:40,4:34,3:52,5:19,0:00
11/29/2024 9:00,4:38,4:44,4:28,3:42,5:33,0:00
11/29/2024 10:00,5:31,5:33,5:16,4:23,6:25,0:00
11/29/2024 11:00,5:48,6:00,5:32,4:40,6:53,0:00
11/29/2024 12:00,5:32,5:38,5:25,4:32,6:37,0:00
11/29/2024 13:00,5:26,5:30,5:26,4:26,6:39,0:00
11/29/2024 14:00,5:05,5:09,5:04,4:16,5:55,0:00
11/29/2024 15:00,4:59,4:59,4:57,4:02,5:47,0:00
11/29/2024 16:00,4:55,5:00,4:51,4:03,5:43,0:00
11/29/2024 17:00,4:50,4:57,4:46,4:05,5:37,0:00
11/29/2024 18:00,4:55,5:00,4:50,4:09,5:40,0:00
11/29/2024 19:00,4:34,4:36,4:27,3:44,5:07,0:00
11/29/2024 20:00,4:19,4:19,4:15,3:31,4:56,0:00
11/29/2024 21:00,4:22,4:27,4:19,3:40,5:02,0:00
11/29/2024 22:00,4:24,4:27,4:21,3:48,4:58,0:00
11/29/2024 23:00,4:16,4:16,4:12,3:40,4:46,0:00
12/2/2024 0:00,4:13,4:15,4:13,3:40,4:48,0:00
12/2/2024 1:00,4:15,4:15,4:14,3:40,4:53,0:00
12/2/2024 2:00,4:18,4:15,4:20,3:38,4:57,0:00
12/2/2024 3:00,4:12,4:13,4:19,3:34,4:54,0:00
12/2/2024 4:00,4:08,4:11,4:15,3:31,4:47,0:00
12/2/2024 5:00,4:02,4:07,4:01,3:28,4:33,0:00
12/2/2024 6:00,4:00,4:05,3:54,3:24,4:24,0:00
12/2/2024 7:00,4:35,4:38,4:30,3:49,5:13,0:00
12/2/2024 8:00,5:18,5:22,5:13,4:12,6:15,0:00
12/2/2024 9:00,5:15,5:16,5:10,4:13,6:14,0:00
12/2/2024 10:00,5:12,5:13,5:12,4:23,6:09,0:00
12/2/2024 11:00,5:03,5:10,5:01,4:08,5:57,0:00
12/2/2024 12:00,4:56,5:03,4:50,3:54,5:54,0:00
12/2/2024 13:00,5:06,5:13,4:54,4:07,6:01,0:00
12/2/2024 14:00,5:21,5:28,5:15,4:19,6:10,0:00
12/2/2024 15:00,5:47,5:48,5:42,4:27,7:00,0:00
12/2/2024 16:00,5:40,5:41,5:31,4:34,6:52,0:00
12/2/2024 17:00,5:39,5:45,5:31,4:33,6:31,0:00
12/2/2024 18:00,5:23,5:24,5:17,4:21,6:10,0:00
12/2/2024 19:00,4:50,4:57,4:45,4:07,5:35,0:00
12/2/2024 20:00,4:46,4:58,4:37,4:01,5:31,0:00
12/2/2024 21:00,4:39,4:44,4:27,3:53,5:15,0:00
12/2/2024 22:00,4:24,4:26,4:17,3:42,4:56,0:00
12/2/2024 23:00,4:21,4:23,4:14,3:44,4:52,0:00
12/3/2024 0:00,4:24,4:24,4:13,3:42,4:48,0:00
12/3/2024 1:00,4:24,4:25,4:13,3:42,4:48,0:00
12/3/2024 2:00,4:24,4:24,4:12,3:39,4:46,0:00
12/3/2024 3:00,4:23,4:24,4:14,3:42,4:56,0:00
12/3/2024 4:00,4:20,4:20,4:11,3:41,4:48,0:00
12/3/2024 5:00,4:04,4:10,4:03,3:37,4:34,0:00
12/3/2024 6:00,4:01,3:59,4:00,3:33,4:15,0:00
12/3/2024 7:00,4:25,4:24,4:19,3:48,4:51,0:00
12/3/2024 8:00,5:11,5:14,5:02,4:10,6:06,0:00
12/3/2024 9:00,5:09,5:15,4:58,4:04,6:07,0:00
12/3/2024 10:00,4:49,4:57,4:40,4:01,5:38,0:00
12/3/2024 11:00,5:08,5:14,4:59,4:09,6:04,0:00
12/3/2024 12:00,5:03,5:18,5:01,4:09,6:18,0:00
12/3/2024 13:00,5:05,5:16,5:04,4:10,6:06,0:00
12/3/2024 14:00,5:06,5:11,5:07,4:07,6:02,0:00
12/3/2024 15:00,5:29,5:30,5:27,4:15,6:36,0:00
12/3/2024 16:00,5:28,5:27,5:20,4:18,6:26,0:00
12/3/2024 17:00,5:32,5:39,5:23,4:38,6:26,0:00
12/3/2024 18:00,4:49,5:03,4:42,3:56,5:39,0:00
12/3/2024 19:00,4:26,4:33,4:22,3:48,5:03,0:00
12/3/2024 20:00,4:19,4:28,4:16,3:45,4:58,0:00
12/3/2024 21:00,4:16,4:24,4:13,3:42,4:55,0:00
12/3/2024 22:00,4:13,4:17,4:15,3:39,4:49,0:00
12/3/2024 23:00,4:18,4:18,4:17,3:42,4:48,0:00
12/4/2024 0:00,4:23,4:25,4:26,3:41,4:59,0:00
12/4/2024 1:00,4:27,4:28,4:32,3:48,5:00,0:00
12/4/2024 2:00,4:30,4:31,4:35,3:52,5:01,0:00
12/4/2024 3:00,4:32,4:28,4:35,3:51,5:00,0:00
12/4/2024 4:00,4:55,4:35,4:55,3:59,5:17,0:00
12/4/2024 5:00,4:32,4:25,4:32,3:48,5:06,0:00
12/4/2024 6:00,4:25,4:26,4:24,3:53,4:54,0:00
12/4/2024 7:00,4:45,4:50,4:40,4:06,5:16,0:00
12/4/2024 8:00,5:06,5:14,4:54,4:10,6:07,0:00
12/4/2024 9:00,4:59,5:05,4:49,4:02,5:52,0:00
12/4/2024 10:00,5:13,5:28,5:02,4:14,6:16,0:00
12/4/2024 11:00,5:00,5:14,4:54,4:04,6:15,0:00
12/4/2024 12:00,5:02,5:08,4:46,4:03,5:52,0:00
12/4/2024 13:00,5:12,5:17,5:01,4:09,6:05,0:00
12/4/2024 14:00,4:44,4:49,4:40,3:58,5:29,0:00
12/4/2024 15:00,4:57,5:07,4:51,4:11,5:49,0:00
12/4/2024 16:00,5:31,5:34,5:22,4:22,6:26,0:00
12/4/2024 17:00,5:23,5:24,5:22,4:20,6:07,0:00
12/4/2024 18:00,4:58,5:09,4:56,4:11,5:49,0:00
12/4/2024 19:00,4:36,4:42,4:29,4:01,5:18,0:00
12/4/2024 20:00,4:24,4:27,4:23,3:39,5:04,0:00
12/4/2024 21:00,4:29,4:29,4:25,3:42,5:11,0:00
12/4/2024 22:00,4:34,4:36,4:25,3:44,5:10,0:00
12/4/2024 23:00,4:28,4:32,4:21,3:41,5:09,0:00
12/5/2024 0:00,4:30,4:35,4:24,3:49,5:16,0:00
12/5/2024 1:00,4:36,4:40,4:28,3:45,5:24,0:00
12/5/2024 2:00,5:04,5:02,4:57,4:03,5:46,0:00
12/5/2024 3:00,5:02,5:11,4:57,4:19,5:44,0:00
12/5/2024 4:00,5:03,5:23,4:52,4:18,5:56,0:00
12/5/2024 5:00,4:25,4:33,4:21,3:48,4:53,0:00
12/5/2024 6:00,3:59,4:02,3:54,3:31,4:19,0:00
12/5/2024 7:00,4:30,4:31,4:28,3:50,5:02,0:00
12/5/2024 8:00,5:12,5:12,5:07,4:08,6:18,0:00
12/5/2024 9:00,4:55,5:01,4:53,4:08,5:57,0:00
12/5/2024 10:00,4:38,4:48,4:36,4:02,5:33,0:00
12/5/2024 11:00,4:56,4:56,4:48,3:57,5:47,0:00
12/5/2024 12:00,5:08,5:09,4:59,4:15,6:02,0:00
12/5/2024 13:00,5:19,5:16,5:11,4:16,6:11,0:00
12/5/2024 14:00,5:03,5:05,5:02,4:08,6:01,0:00
12/5/2024 15:00,5:17,5:25,5:13,4:25,6:13,0:00
12/5/2024 16:00,5:10,5:12,5:08,4:22,5:58,0:00
12/5/2024 17:00,5:09,5:15,5:02,4:07,6:05,0:00
12/5/2024 18:00,4:57,4:58,4:42,3:55,5:43,0:00
12/5/2024 19:00,4:54,5:03,4:44,4:04,5:45,0:00
12/5/2024 20:00,4:44,4:58,4:42,4:02,5:38,0:00
12/5/2024 21:00,4:30,4:33,4:29,3:52,5:03,0:00
12/5/2024 22:00,4:30,4:31,4:25,3:53,4:58,0:00
12/5/2024 23:00,4:27,4:29,4:20,3:50,4:56,0:00
12/6/2024 0:00,4:25,4:26,4:20,3:50,4:50,0:00
12/6/2024 1:00,4:22,4:23,4:19,3:47,4:53,0:00
12/6/2024 2:00,4:27,4:28,4:23,3:49,4:57,0:00
12/6/2024 3:00,4:30,4:30,4:26,3:45,4:58,0:00
12/6/2024 4:00,4:28,4:22,4:23,3:43,4:52,0:00
12/6/2024 5:00,4:23,4:12,4:11,3:38,4:48,0:00
12/6/2024 6:00,4:17,4:14,4:08,3:39,4:38,0:00
12/6/2024 7:00,4:29,4:27,4:22,3:45,5:04,0:00
12/6/2024 8:00,5:07,5:09,5:02,3:58,6:10,0:00
12/6/2024 9:00,5:19,5:24,5:08,4:18,6:13,0:00
12/6/2024 10:00,5:17,5:29,5:10,4:15,6:21,0:00
12/6/2024 11:00,5:11,5:16,5:04,4:20,5:54,0:00
12/6/2024 12:00,5:16,5:23,5:02,4:10,6:16,0:00
12/6/2024 13:00,5:26,5:36,5:19,4:28,6:32,0:00
12/6/2024 14:00,5:19,5:20,5:15,4:21,6:12,0:00
12/6/2024 15:00,5:30,5:34,5:23,4:27,6:29,0:00
12/6/2024 16:00,5:23,5:22,5:16,4:17,6:14,0:00
12/6/2024 17:00,5:17,5:15,5:05,4:01,6:08,0:00
12/6/2024 18:00,5:31,5:39,5:20,4:25,6:19,0:00
12/6/2024 19:00,4:54,5:11,4:49,4:04,5:57,0:00
12/6/2024 20:00,4:41,4:55,4:40,3:56,5:39,0:00
12/6/2024 21:00,4:41,4:51,4:41,3:55,5:36,0:00
12/6/2024 22:00,4:25,4:31,4:22,3:44,5:03,0:00
12/6/2024 23:00,4:26,4:30,4:22,3:51,5:01,0:00
12/9/2024 0:00,4:31,4:36,4:34,3:36,5:10,0:00
12/9/2024 1:00,4:33,4:37,4:37,3:39,5:11,0:00
12/9/2024 2:00,4:39,4:38,4:39,3:47,5:18,0:00
12/9/2024 3:00,4:40,4:36,4:35,3:49,5:22,0:00
12/9/2024 4:00,4:27,4:26,4:24,3:54,5:13,0:00
12/9/2024 5:00,4:18,4:19,4:18,3:51,4:51,0:00
12/9/2024 6:00,4:14,4:21,4:10,3:44,4:44,0:00
12/9/2024 7:00,4:41,4:47,4:36,3:58,5:26,0:00
12/9/2024 8:00,5:12,5:22,5:05,4:18,6:11,0:00
12/9/2024 9:00,5:08,5:13,5:04,4:14,5:56,0:00
12/9/2024 10:00,5:10,5:13,5:05,4:23,6:00,0:00
12/9/2024 11:00,5:10,5:15,5:01,4:26,5:54,0:00
12/9/2024 12:00,4:53,5:00,4:46,4:12,5:41,0:00
12/9/2024 13:00,5:04,5:12,4:58,4:11,5:56,0:00
12/9/2024 14:00,5:02,5:10,4:49,4:06,5:49,0:00
12/9/2024 15:00,5:22,5:32,5:08,4:18,6:19,0:00
12/9/2024 16:00,5:06,5:01,4:51,4:11,5:49,0:00
12/9/2024 17:00,5:04,5:05,4:53,3:58,6:02,0:00
12/9/2024 18:00,4:34,4:42,4:31,3:43,5:26,0:00
12/9/2024 19:00,4:08,4:13,4:07,3:29,4:47,0:00
12/9/2024 20:00,4:04,4:09,4:00,3:30,4:38,0:00
12/9/2024 21:00,4:17,4:28,4:15,3:44,4:59,0:00
12/9/2024 22:00,4:20,4:33,4:19,3:41,5:13,0:00
12/9/2024 23:00,4:28,4:41,4:26,3:45,5:14,0:00
12/10/2024 0:00,4:31,4:44,4:30,3:47,5:20,0:00
12/10/2024 1:00,4:35,4:49,4:32,3:44,5:29,0:00
12/10/2024 2:00,4:43,4:52,4:40,3:52,5:39,0:00
12/10/2024 3:00,4:40,4:49,4:41,3:56,5:36,0:00
12/10/2024 4:00,4:34,4:38,4:33,3:50,5:26,0:00
12/10/2024 5:00,4:22,4:41,4:23,3:49,5:17,0:00
12/10/2024 6:00,4:10,4:26,4:09,3:41,4:53,0:00
12/10/2024 7:00,4:34,4:35,4:30,3:40,5:13,0:00
12/10/2024 8:00,4:56,4:52,4:52,3:58,5:48,0:00
12/10/2024 9:00,5:04,5:06,4:59,3:59,6:19,0:00
12/10/2024 10:00,4:48,5:00,4:45,3:57,5:52,0:00
12/10/2024 11:00,4:50,4:55,4:45,3:55,5:49,0:00
12/10/2024 12:00,5:14,5:20,4:59,4:06,6:07,0:00
12/10/2024 13:00,4:56,4:59,4:49,4:05,5:45,0:00
12/10/2024 14:00,5:05,5:04,4:53,3:55,6:06,0:00
12/10/2024 15:00,5:18,5:18,5:10,4:15,6:01,0:00
12/10/2024 16:00,5:09,5:19,5:03,4:19,6:01,0:00
12/10/2024 17:00,5:22,5:30,5:12,4:20,6:21,0:00
12/10/2024 18:00,4:48,4:53,4:40,3:50,5:35,0:00
12/10/2024 19:00,4:32,4:35,4:23,3:42,5:16,0:00
12/10/2024 20:00,4:20,4:21,4:15,3:49,4:53,0:00
12/10/2024 21:00,4:23,4:21,4:21,3:49,4:54,0:00
12/10/2024 22:00,4:18,4:17,4:16,3:45,4:44,0:00
12/10/2024 23:00,4:17,4:13,4:17,3:44,4:41,0:00
12/11/2024 0:00,4:15,4:10,4:17,3:45,4:43,0:00
12/11/2024 1:00,4:13,4:10,4:17,3:45,4:43,0:00
12/11/2024 2:00,4:14,4:09,4:15,3:42,4:40,0:00
12/11/2024 3:00,4:12,4:04,4:13,3:36,4:33,0:00
12/11/2024 4:00,4:05,3:59,4:07,3:29,4:26,0:00
12/11/2024 5:00,4:00,3:53,3:58,3:21,4:17,0:00
12/11/2024 6:00,3:59,3:56,4:00,3:26,4:17,0:00
12/11/2024 7:00,4:24,4:22,4:23,3:42,4:51,0:00
12/11/2024 8:00,5:03,5:04,5:02,4:08,5:55,0:00
12/11/2024 9:00,5:03,5:05,4:55,4:03,6:03,0:00
12/11/2024 10:00,5:06,5:13,5:00,4:13,6:00,0:00
12/11/2024 11:00,4:57,5:02,4:51,4:09,5:42,0:00
12/11/2024 12:00,4:49,4:50,4:48,3:48,5:39,0:00
12/11/2024 13:00,5:25,5:44,5:29,4:24,6:51,0:00
12/11/2024 14:00,4:49,4:55,4:45,4:05,5:34,0:00
12/11/2024 15:00,4:54,4:58,4:50,3:57,5:44,0:00
12/11/2024 16:00,4:45,4:45,4:43,3:55,5:43,0:00
12/11/2024 17:00,5:00,5:03,4:59,4:07,6:14,0:00
12/11/2024 18:00,4:53,4:49,4:44,3:53,5:46,0:00
12/11/2024 19:00,4:30,4:33,4:23,3:41,5:10,0:00
12/11/2024 20:00,4:27,4:30,4:21,3:48,4:57,0:00
12/11/2024 21:00,4:33,4:35,4:29,3:55,5:05,0:00
12/11/2024 22:00,4:34,4:34,4:28,3:58,5:02,0:00
12/11/2024 23:00,4:30,4:30,4:28,3:58,4:58,0:00
12/12/2024 0:00,4:23,4:22,4:19,3:48,4:48,0:00
12/12/2024 1:00,4:18,4:14,4:14,3:38,4:40,0:00
12/12/2024 2:00,4:16,4:09,4:12,3:34,4:38,0:00
12/12/2024 3:00,4:11,4:04,4:05,3:27,4:33,0:00
12/12/2024 4:00,4:02,3:59,3:58,3:21,4:27,0:00
12/12/2024 5:00,3:52,3:49,3:45,3:19,4:10,0:00
12/12/2024 6:00,4:03,3:59,4:01,3:34,4:20,0:00
12/12/2024 7:00,4:37,4:36,4:34,3:59,5:08,0:00
12/12/2024 8:00,4:59,4:57,4:52,3:57,5:53,0:00
12/12/2024 9:00,4:51,4:52,4:37,3:52,5:39,0:00
12/12/2024 10:00,4:54,4:58,4:44,4:01,5:49,0:00
12/12/2024 11:00,5:09,5:04,5:03,4:18,5:47,0:00
12/12/2024 12:00,5:05,5:03,5:00,3:59,5:59,0:00
12/12/2024 13:00,4:53,4:57,4:48,4:09,5:44,0:00
12/12/2024 14:00,4:57,4:59,4:52,4:11,5:48,0:00
12/12/2024 15:00,5:25,5:26,5:23,4:16,6:35,0:00
12/12/2024 16:00,5:22,5:21,5:21,4:22,6:14,0:00
12/12/2024 17:00,5:13,5:11,5:11,4:06,6:13,0:00
12/12/2024 18:00,5:00,4:58,4:58,4:06,5:51,0:00
12/12/2024 19:00,4:21,4:25,4:17,3:49,5:05,0:00
12/12/2024 20:00,4:12,4:18,4:12,3:48,4:57,0:00
12/12/2024 21:00,4:15,4:19,4:15,3:45,4:56,0:00
12/12/2024 22:00,4:17,4:19,4:15,3:45,4:48,0:00
12/12/2024 23:00,4:14,4:15,4:12,3:46,4:39,0:00
12/13/2024 0:00,4:11,4:13,4:11,3:47,4:35,0:00
12/13/2024 1:00,4:10,4:12,4:11,3:48,4:37,0:00
12/13/2024 2:00,4:14,4:11,4:13,3:46,4:35,0:00
12/13/2024 3:00,4:13,4:10,4:11,3:43,4:34,0:00
12/13/2024 4:00,4:04,4:02,4:00,3:34,4:20,0:00
12/13/2024 5:00,3:55,3:56,3:52,3:20,4:08,0:00
12/13/2024 6:00,3:58,4:01,3:53,3:25,4:17,0:00
12/13/2024 7:00,4:34,4:37,4:24,3:43,5:20,0:00
12/13/2024 8:00,5:17,5:19,5:14,4:11,6:19,0:00
12/13/2024 9:00,4:53,5:01,4:48,4:04,5:45,0:00
12/13/2024 10:00,5:14,5:19,5:07,4:18,6:14,0:00
12/13/2024 11:00,5:15,5:21,5:00,4:15,6:12,0:00
12/13/2024 12:00,5:12,5:15,5:02,4:13,6:03,0:00
12/13/2024 13:00,5:12,5:17,5:06,4:21,6:02,0:00
12/13/2024 14:00,5:11,5:14,5:05,4:18,6:01,0:00
12/13/2024 15:00,5:07,5:17,5:03,4:17,6:11,0:00
12/13/2024 16:00,4:53,4:52,4:49,3:58,5:49,0:00
12/13/2024 17:00,5:08,5:16,5:05,4:11,6:14,0:00
12/13/2024 18:00,4:41,4:47,4:34,3:53,5:32,0:00
12/13/2024 19:00,4:25,4:27,4:22,3:45,5:02,0:00
12/13/2024 20:00,4:23,4:23,4:25,3:38,5:05,0:00
12/13/2024 21:00,4:35,4:38,4:37,3:52,5:15,0:00
12/13/2024 22:00,4:36,4:41,4:36,4:00,5:17,0:00
12/13/2024 23:00,4:33,4:36,4:30,3:52,5:14,0:00
12/16/2024 0:00,4:28,4:23,4:23,3:52,5:01,0:00
12/16/2024 1:00,4:30,4:24,4:24,3:50,5:03,0:00
12/16/2024 2:00,4:33,4:29,4:29,3:53,5:04,0:00
12/16/2024 3:00,4:34,4:30,4:36,3:55,5:06,0:00
12/16/2024 4:00,4:28,4:26,4:29,3:54,4:58,0:00
12/16/2024 5:00,4:10,4:10,4:13,3:45,4:40,0:00
12/16/2024 6:00,4:05,4:07,4:06,3:42,4:34,0:00
12/16/2024 7:00,4:33,4:37,4:30,3:59,5:11,0:00
12/16/2024 8:00,5:10,5:08,5:04,4:08,6:08,0:00
12/16/2024 9:00,5:25,5:27,5:20,4:22,6:20,0:00
12/16/2024 10:00,4:45,4:53,4:39,3:58,5:34,0:00
12/16/2024 11:00,4:51,5:02,4:48,4:10,5:43,0:00
12/16/2024 12:00,5:18,5:15,5:07,4:07,6:21,0:00
12/16/2024 13:00,5:16,5:18,5:05,4:13,6:24,0:00
12/16/2024 14:00,5:12,5:11,5:07,4:11,6:10,0:00
12/16/2024 15:00,5:17,5:21,5:06,4:17,6:00,0:00
12/16/2024 16:00,5:13,5:17,5:06,4:24,5:47,0:00
12/16/2024 17:00,5:03,5:09,5:02,4:23,5:49,0:00
12/16/2024 18:00,4:52,4:54,4:49,4:18,5:30,0:00
12/16/2024 19:00,4:46,4:45,4:43,4:12,5:22,0:00
12/16/2024 20:00,4:31,4:33,4:28,4:05,5:03,0:00
12/16/2024 21:00,4:21,4:23,4:17,4:01,4:48,0:00
12/16/2024 22:00,4:18,4:20,4:16,3:55,4:46,0:00
12/16/2024 23:00,4:19,4:21,4:19,3:52,4:48,0:00
12/17/2024 0:00,4:18,4:18,4:20,3:55,4:48,0:00
12/17/2024 1:00,4:15,4:16,4:20,3:55,4:45,0:00
12/17/2024 2:00,4:18,4:19,4:21,3:55,4:47,0:00
12/17/2024 3:00,4:19,4:20,4:21,3:51,4:46,0:00
12/17/2024 4:00,4:20,4:21,4:24,3:44,4:49,0:00
12/17/2024 5:00,4:08,4:10,4:11,3:36,4:36,0:00
12/17/2024 6:00,4:07,4:12,4:05,3:32,4:35,0:00
12/17/2024 7:00,4:16,4:16,4:15,3:35,4:45,0:00
12/17/2024 8:00,4:47,4:50,4:47,4:03,5:42,0:00
12/17/2024 9:00,5:23,5:27,5:15,4:21,6:24,0:00
12/17/2024 10:00,5:02,5:03,4:57,4:10,5:52,0:00
12/17/2024 11:00,5:16,5:14,5:12,4:14,6:19,0:00
12/17/2024 12:00,4:45,4:52,4:43,3:56,5:36,0:00
12/17/2024 13:00,4:43,4:44,4:41,4:00,5:31,0:00
12/17/2024 14:00,5:07,5:14,4:59,4:12,5:59,0:00
12/17/2024 15:00,5:31,5:44,5:24,4:31,6:31,0:00
12/17/2024 16:00,5:11,5:13,5:07,4:10,6:09,0:00
12/17/2024 17:00,4:51,4:56,4:44,3:56,5:55,0:00
12/17/2024 18:00,4:57,5:14,4:48,4:06,6:01,0:00
12/17/2024 19:00,5:02,5:16,4:44,4:06,6:10,0:00
12/17/2024 20:00,4:56,5:15,4:34,4:00,5:53,0:00
12/17/2024 21:00,4:30,4:46,4:18,3:49,5:21,0:00
12/17/2024 22:00,4:22,4:35,4:16,3:45,5:08,0:00
12/17/2024 23:00,4:21,4:33,4:17,3:44,5:01,0:00
12/18/2024 0:00,4:20,4:32,4:14,3:42,4:56,0:00
12/18/2024 1:00,4:20,4:32,4:18,3:42,4:59,0:00
12/18/2024 2:00,4:21,4:34,4:18,3:45,5:02,0:00
12/18/2024 3:00,4:19,4:32,4:18,3:44,5:02,0:00
12/18/2024 4:00,4:15,4:22,4:14,3:37,4:50,0:00
12/18/2024 5:00,4:09,4:13,4:06,3:33,4:39,0:00
12/18/2024 6:00,4:04,4:07,3:59,3:32,4:26,0:00
12/18/2024 7:00,4:37,4:43,4:30,3:56,5:23,0:00
12/18/2024 8:00,5:10,5:13,5:02,4:08,5:57,0:00
12/18/2024 9:00,5:02,5:02,4:51,4:00,5:56,0:00
12/18/2024 10:00,5:15,5:20,5:06,4:01,6:20,0:00
12/18/2024 11:00,5:04,5:07,5:00,4:08,5:55,0:00
12/18/2024 12:00,5:22,5:29,5:18,4:24,6:15,0:00
12/18/2024 13:00,5:16,5:21,5:17,4:23,6:07,0:00
12/18/2024 14:00,5:03,5:11,4:59,4:03,5:59,0:00
12/18/2024 15:00,5:13,5:18,5:05,4:11,6:05,0:00
12/18/2024 16:00,5:15,5:18,5:09,4:12,6:01,0:00
12/18/2024 17:00,5:00,4:57,4:54,4:01,5:50,0:00
12/18/2024 18:00,4:56,5:00,4:53,4:03,5:47,0:00
12/18/2024 19:00,4:25,4:28,4:22,3:40,4:58,0:00
12/18/2024 20:00,4:12,4:12,4:16,3:32,4:44,0:00
12/18/2024 21:00,4:27,4:25,4:32,3:43,5:02,0:00
12/18/2024 22:00,4:35,4:35,4:36,3:54,5:10,0:00
12/18/2024 23:00,4:34,4:37,4:36,3:55,5:14,0:00
12/19/2024 0:00,4:36,4:39,4:37,3:58,5:17,0:00
12/19/2024 1:00,4:42,4:45,4:43,4:05,5:23,0:00
12/19/2024 2:00,4:46,4:47,4:46,4:06,5:25,0:00
12/19/2024 3:00,4:44,4:49,4:45,4:08,5:26,0:00
12/19/2024 4:00,4:33,4:41,4:35,4:03,5:13,0:00
12/19/2024 5:00,4:13,4:16,4:11,3:47,4:45,0:00
12/19/2024 6:00,4:07,4:12,4:04,3:46,4:42,0:00
12/19/2024 7:00,4:34,4:33,4:30,3:51,5:14,0:00
12/19/2024 8:00,5:10,5:07,5:00,4:05,5:59,0:00
12/19/2024 9:00,5:09,5:12,5:03,4:07,6:12,0:00
12/19/2024 10:00,4:53,5:00,4:46,4:13,5:43,0:00
12/19/2024 11:00,4:56,5:01,4:54,4:10,5:47,0:00
12/19/2024 12:00,5:02,5:09,4:58,3:59,6:07,0:00
12/19/2024 13:00,5:07,5:14,5:00,4:14,5:56,0:00
12/19/2024 14:00,5:11,5:18,5:01,4:15,6:03,0:00
12/19/2024 15:00,5:14,5:26,5:15,4:15,6:26,0:00
12/19/2024 16:00,5:05,5:13,5:01,4:14,5:54,0:00
12/19/2024 17:00,5:03,5:06,4:58,4:14,5:45,0:00
12/19/2024 18:00,4:44,4:44,4:42,3:57,5:26,0:00
12/19/2024 19:00,4:35,4:43,4:37,3:59,5:19,0:00
12/19/2024 20:00,4:39,4:40,4:42,4:02,5:15,0:00
12/19/2024 21:00,4:45,4:53,4:43,4:04,5:29,0:00
12/19/2024 22:00,4:37,4:48,4:30,3:56,5:23,0:00
12/19/2024 23:00,4:30,4:42,4:19,3:48,5:14,0:00
12/20/2024 0:00,4:27,4:36,4:17,3:43,5:11,0:00
12/20/2024 1:00,4:23,4:28,4:16,3:39,5:08,0:00
12/20/2024 2:00,4:17,4:22,4:12,3:30,4:59,0:00
12/20/2024 3:00,4:19,4:21,4:16,3:29,5:01,0:00
12/20/2024 4:00,4:10,4:15,4:06,3:24,4:52,0:00
12/20/2024 5:00,3:57,4:02,3:55,3:19,4:38,0:00
12/20/2024 6:00,4:03,4:06,3:58,3:33,4:29,0:00
12/20/2024 7:00,4:52,4:55,4:46,4:09,5:28,0:00
12/20/2024 8:00,5:24,5:25,5:23,4:06,6:34,0:00
12/20/2024 9:00,5:01,5:08,4:59,4:02,6:02,0:00
12/20/2024 10:00,5:01,5:09,4:48,3:58,6:01,0:00
12/20/2024 11:00,5:05,5:17,4:58,4:12,6:08,0:00
12/20/2024 12:00,5:28,5:40,5:21,4:20,6:33,0:00
12/20/2024 13:00,5:23,5:32,5:18,4:16,6:36,0:00
12/20/2024 14:00,5:24,5:36,5:17,4:20,6:35,0:00
12/20/2024 15:00,5:21,5:21,5:08,4:19,6:11,0:00
12/20/2024 16:00,5:21,5:25,5:20,4:31,6:20,0:00
12/20/2024 17:00,5:30,5:29,5:23,4:22,6:38,0:00
12/20/2024 18:00,5:06,5:11,4:51,4:04,6:02,0:00
12/20/2024 19:00,4:30,4:38,4:19,3:49,5:10,0:00
12/20/2024 20:00,4:36,4:43,4:29,3:55,5:19,0:00
12/20/2024 21:00,4:34,4:44,4:27,3:53,5:10,0:00
12/20/2024 22:00,4:31,4:39,4:25,3:57,5:00,0:00
12/20/2024 23:00,4:26,4:30,4:19,3:55,4:52,0:00
12/23/2024 0:00,4:31,4:45,4:29,3:53,5:14,0:00
12/23/2024 1:00,4:29,4:40,4:31,3:54,5:14,0:00
12/23/2024 2:00,4:24,4:33,4:24,3:47,5:07,0:00
12/23/2024 3:00,4:16,4:24,4:16,3:39,5:00,0:00
12/23/2024 4:00,4:10,4:17,4:07,3:27,4:55,0:00
12/23/2024 5:00,4:04,4:07,4:04,3:28,4:37,0:00
12/23/2024 6:00,3:59,4:01,4:00,3:32,4:19,0:00
12/23/2024 7:00,4:11,4:11,4:09,3:39,4:37,0:00
12/23/2024 8:00,4:33,4:34,4:34,3:47,5:14,0:00
12/23/2024 9:00,4:49,4:53,4:50,3:58,5:50,0:00
12/23/2024 10:00,5:33,5:39,5:28,4:33,6:37,0:00
12/23/2024 11:00,5:24,5:19,5:20,4:17,6:18,0:00
12/23/2024 12:00,5:24,5:21,5:21,4:16,6:23,0:00
12/23/2024 13:00,5:21,5:17,5:15,4:10,6:17,0:00
12/23/2024 14:00,5:15,5:17,5:13,4:09,6:18,0:00
12/23/2024 15:00,5:29,5:35,5:33,4:32,6:35,0:00
12/23/2024 16:00,5:09,5:18,5:15,4:25,6:05,0:00
12/23/2024 17:00,5:29,5:23,5:27,4:23,6:25,0:00
12/23/2024 18:00,5:11,5:06,5:06,4:15,6:00,0:00
12/23/2024 19:00,4:46,4:43,4:47,4:08,5:31,0:00
12/23/2024 20:00,4:30,4:25,4:31,3:58,5:07,0:00
12/23/2024 21:00,4:36,4:28,4:30,4:02,5:11,0:00
12/23/2024 22:00,4:32,4:30,4:26,3:57,5:11,0:00
12/23/2024 23:00,4:34,4:31,4:26,3:59,5:07,0:00
12/24/2024 0:00,4:30,4:24,4:23,3:59,4:56,0:00
12/24/2024 1:00,4:28,4:18,4:19,3:55,4:51,0:00
12/24/2024 2:00,4:27,4:17,4:19,3:54,4:50,0:00
12/24/2024 3:00,4:26,4:16,4:18,3:51,4:46,0:00
12/24/2024 4:00,4:24,4:16,4:18,3:49,4:45,0:00
12/24/2024 5:00,4:11,4:06,4:07,3:42,4:36,0:00
12/24/2024 6:00,3:58,4:01,3:57,3:37,4:30,0:00
12/24/2024 7:00,4:03,4:08,3:58,3:24,4:39,0:00
12/24/2024 8:00,4:32,4:42,4:23,3:41,5:22,0:00
12/24/2024 9:00,5:03,5:05,5:02,3:58,6:10,0:00
12/24/2024 10:00,5:02,5:01,4:59,3:53,6:04,0:00
12/24/2024 11:00,5:12,5:19,5:06,3:59,6:18,0:00
12/24/2024 12:00,5:24,5:23,5:12,4:11,6:31,0:00
12/24/2024 13:00,5:04,5:13,4:59,4:08,6:05,0:00
12/24/2024 14:00,5:03,5:06,4:59,4:03,5:59,0:00
12/24/2024 15:00,4:43,4:52,4:41,4:00,5:46,0:00
12/24/2024 16:00,4:51,4:52,4:47,4:09,5:40,0:00
12/24/2024 17:00,4:51,4:55,4:44,4:16,5:25,0:00
12/24/2024 18:00,5:01,5:01,4:55,4:08,5:42,0:00
12/24/2024 19:00,4:33,4:37,4:31,3:54,5:14,0:00
12/24/2024 20:00,4:20,4:25,4:13,3:48,4:52,0:00
12/24/2024 21:00,4:33,4:37,4:22,3:54,5:07,0:00
12/24/2024 22:00,4:33,4:39,4:21,3:54,5:07,0:00
12/24/2024 23:00,4:18,4:25,4:12,3:45,4:51,0:00
12/25/2024 0:00,4:09,4:11,4:04,3:32,4:35,0:00
12/25/2024 1:00,4:05,4:06,4:01,3:27,4:30,0:00
12/25/2024 2:00,4:02,4:03,4:00,3:24,4:29,0:00
12/25/2024 3:00,4:00,4:04,3:59,3:25,4:27,0:00
12/25/2024 4:00,4:00,4:04,4:00,3:25,4:25,0:00
12/25/2024 5:00,3:58,4:03,4:00,3:25,4:25,0:00
12/25/2024 6:00,4:00,4:10,4:01,3:25,4:32,0:00
12/25/2024 7:00,4:02,4:12,4:00,3:26,4:36,0:00
12/25/2024 8:00,4:05,4:08,4:00,3:25,4:36,0:00
12/25/2024 9:00,4:12,4:11,4:04,3:33,4:46,0:00
12/25/2024 10:00,4:19,4:20,4:13,3:40,4:56,0:00
12/25/2024 11:00,4:20,4:21,4:15,3:43,4:47,0:00
12/25/2024 12:00,4:31,4:32,4:24,3:58,5:03,0:00
12/25/2024 13:00,4:27,4:34,4:22,3:48,5:16,0:00
12/25/2024 14:00,4:28,4:36,4:26,3:48,5:13,0:00
12/25/2024 15:00,4:18,4:22,4:12,3:34,4:52,0:00
12/25/2024 16:00,4:15,4:17,4:09,3:43,4:42,0:00
12/25/2024 17:00,4:22,4:25,4:15,3:52,4:52,0:00
12/25/2024 18:00,4:27,4:27,4:20,3:52,4:55,0:00
12/25/2024 19:00,4:34,4:39,4:25,3:44,5:11,0:00
12/25/2024 20:00,4:20,4:22,4:15,3:40,4:48,0:00
12/25/2024 21:00,4:15,4:17,4:11,3:43,4:35,0:00
12/25/2024 22:00,4:18,4:20,4:15,3:45,4:43,0:00
12/25/2024 23:00,4:15,4:20,4:12,3:42,4:41,0:00
12/26/2024 0:00,4:15,4:21,4:10,3:43,4:38,0:00
12/26/2024 1:00,4:11,4:17,4:07,3:40,4:37,0:00
12/26/2024 2:00,4:07,4:16,4:06,3:41,4:35,0:00
12/26/2024 3:00,4:04,4:11,4:04,3:35,4:32,0:00
12/26/2024 4:00,4:04,4:13,4:03,3:37,4:34,0:00
12/26/2024 5:00,4:07,4:17,4:08,3:38,4:35,0:00
12/26/2024 6:00,4:08,4:15,4:08,3:40,4:32,0:00
12/26/2024 7:00,4:10,4:10,4:03,3:27,4:42,0:00
12/26/2024 8:00,4:42,4:45,4:38,3:51,5:30,0:00
12/26/2024 9:00,5:06,5:13,5:03,4:11,6:07,0:00
12/26/2024 10:00,5:19,5:17,5:11,4:15,6:14,0:00
12/26/2024 11:00,5:41,5:46,5:22,4:26,6:40,0:00
12/26/2024 12:00,5:44,5:52,5:28,4:33,6:45,0:00
12/26/2024 13:00,5:28,5:33,5:15,4:19,6:35,0:00
12/26/2024 14:00,5:08,5:15,5:00,4:17,5:58,0:00
12/26/2024 15:00,5:03,5:07,4:57,4:08,5:59,0:00
12/26/2024 16:00,4:58,5:03,4:59,4:14,6:01,0:00
12/26/2024 17:00,5:05,5:11,5:00,4:19,6:09,0:00
12/26/2024 18:00,4:42,4:50,4:35,4:01,5:37,0:00
12/26/2024 19:00,4:44,4:52,4:38,4:10,5:37,0:00
12/26/2024 20:00,4:44,4:45,4:40,4:11,5:20,0:00
12/26/2024 21:00,4:57,4:57,4:52,4:14,5:32,0:00
12/26/2024 22:00,4:56,4:53,4:53,4:09,5:30,0:00
12/26/2024 23:00,4:52,4:46,4:49,4:04,5:23,0:00
12/27/2024 0:00,4:45,4:45,4:42,4:01,5:16,0:00
12/27/2024 1:00,4:38,4:44,4:37,3:58,5:13,0:00
12/27/2024 2:00,4:36,4:45,4:34,3:55,5:11,0:00
12/27/2024 3:00,4:37,4:45,4:35,3:59,5:13,0:00
12/27/2024 4:00,4:32,4:38,4:30,3:52,5:08,0:00
12/27/2024 5:00,4:21,4:24,4:18,3:48,4:54,0:00
12/27/2024 6:00,4:13,4:15,4:10,3:43,4:40,0:00
12/27/2024 7:00,4:18,4:22,4:16,3:38,4:58,0:00
12/27/2024 8:00,4:36,4:39,4:36,3:48,5:30,0:00
12/27/2024 9:00,4:47,4:53,4:47,3:55,5:52,0:00
12/27/2024 10:00,5:10,5:22,5:04,4:11,6:28,0:00
12/27/2024 11:00,5:34,5:41,5:25,4:11,6:50,0:00
12/27/2024 12:00,5:36,5:37,5:25,4:19,6:48,0:00
12/27/2024 13:00,5:26,5:39,5:17,4:18,6:35,0:00
12/27/2024 14:00,5:08,5:17,5:04,4:13,6:08,0:00
12/27/2024 15:00,5:14,5:15,5:09,4:14,6:10,0:00
12/27/2024 16:00,5:00,5:03,5:01,4:11,5:55,0:00
12/27/2024 17:00,5:14,5:18,5:09,4:20,6:05,0:00
12/27/2024 18:00,5:02,5:02,4:57,4:15,5:42,0:00
12/27/2024 19:00,4:55,4:57,4:51,4:02,5:54,0:00
12/27/2024 20:00,4:53,5:03,4:48,3:57,6:08,0:00
12/27/2024 21:00,5:08,5:14,5:03,4:09,6:09,0:00
12/27/2024 22:00,4:57,4:57,4:49,3:57,5:45,0:00
12/27/2024 23:00,4:47,4:46,4:39,3:56,5:25,0:00
12/30/2024 0:00,4:29,4:33,4:18,3:44,5:15,0:00
12/30/2024 1:00,4:30,4:32,4:22,3:44,5:16,0:00
12/30/2024 2:00,4:33,4:37,4:30,3:43,5:21,0:00
12/30/2024 3:00,4:36,4:39,4:33,3:49,5:25,0:00
12/30/2024 4:00,4:32,4:37,4:32,3:47,5:15,0:00
12/30/2024 5:00,4:21,4:23,4:16,3:43,4:52,0:00
12/30/2024 6:00,4:03,4:06,4:01,3:40,4:31,0:00
12/30/2024 7:00,4:28,4:26,4:24,3:42,5:06,0:00
12/30/2024 8:00,5:02,4:59,5:00,4:13,5:40,0:00
12/30/2024 9:00,5:16,5:24,5:10,4:16,6:21,0:00
12/30/2024 10:00,5:36,5:44,5:28,4:31,6:36,0:00
12/30/2024 11:00,5:47,5:50,5:37,4:26,6:49,0:00
12/30/2024 12:00,5:24,5:25,5:24,4:15,6:31,0:00
12/30/2024 13:00,5:39,5:48,5:32,4:28,6:50,0:00
12/30/2024 14:00,5:13,5:21,5:04,4:12,6:13,0:00
12/30/2024 15:00,5:33,5:33,5:25,4:22,6:41,0:00
12/30/2024 16:00,5:23,5:31,5:16,4:30,6:26,0:00
12/30/2024 17:00,5:37,5:46,5:33,4:28,6:49,0:00
12/30/2024 18:00,4:55,5:02,4:52,4:10,5:58,0:00
12/30/2024 19:00,4:44,4:58,4:44,4:01,5:56,0:00
12/30/2024 20:00,4:26,4:46,4:23,3:51,5:38,0:00
12/30/2024 21:00,4:33,4:49,4:33,4:02,5:27,0:00
12/30/2024 22:00,4:27,4:37,4:31,4:00,5:12,0:00
12/30/2024 23:00,4:26,4:32,4:29,3:53,5:09,0:00
12/31/2024 0:00,4:22,4:31,4:23,3:48,5:07,0:00
12/31/2024 1:00,4:21,4:32,4:21,3:46,5:07,0:00
12/31/2024 2:00,4:19,4:28,4:19,3:42,5:04,0:00
12/31/2024 3:00,4:20,4:32,4:21,3:42,5:08,0:00
12/31/2024 4:00,4:17,4:29,4:19,3:39,5:05,0:00
12/31/2024 5:00,4:11,4:20,4:13,3:38,4:53,0:00
12/31/2024 6:00,4:10,4:16,4:12,3:37,4:46,0:00
12/31/2024 7:00,4:13,4:14,4:11,3:34,4:37,0:00
12/31/2024 8:00,4:34,4:39,4:29,3:51,5:10,0:00
12/31/2024 9:00,5:15,5:25,5:05,4:13,6:17,0:00
12/31/2024 10:00,5:54,5:57,5:42,4:40,7:06,0:00
12/31/2024 11:00,5:47,5:52,5:39,4:29,7:06,0:00
12/31/2024 12:00,5:58,6:05,5:46,4:44,7:02,0:00
12/31/2024 13:00,5:32,5:35,5:24,4:32,6:32,0:00
12/31/2024 14:00,5:13,5:16,5:08,4:17,6:03,0:00
12/31/2024 15:00,4:56,5:03,4:48,4:12,5:43,0:00
12/31/2024 16:00,4:53,4:54,4:51,4:07,5:44,0:00
12/31/2024 17:00,4:56,5:01,4:50,4:06,5:52,0:00
12/31/2024 18:00,4:49,4:51,4:40,4:03,5:41,0:00
12/31/2024 19:00,4:47,4:53,4:43,4:04,5:42,0:00
12/31/2024 20:00,4:25,4:39,4:22,3:45,5:22,0:00
12/31/2024 21:00,4:51,4:57,4:41,4:11,5:40,0:00
12/31/2024 22:00,4:55,4:53,4:39,4:12,5:31,0:00
12/31/2024 23:00,4:43,4:45,4:31,4:02,5:18,0:00
1/1/2025 0:00,4:34,4:37,4:22,3:54,5:06,0:00
1/1/2025 1:00,4:29,4:34,4:21,3:53,5:04,0:00
1/1/2025 2:00,4:28,4:35,4:21,3:53,5:00,0:00
1/1/2025 3:00,4:24,4:29,4:18,3:48,4:57,0:00
1/1/2025 4:00,4:24,4:29,4:17,3:48,4:55,0:00
1/1/2025 5:00,4:24,4:28,4:15,3:48,4:49,0:00
1/1/2025 6:00,4:19,4:24,4:12,3:47,4:41,0:00
1/1/2025 7:00,4:08,4:14,4:03,3:42,4:33,0:00
1/1/2025 8:00,4:10,4:20,4:03,3:42,4:48,0:00
1/1/2025 9:00,4:48,4:53,4:31,3:53,5:26,0:00
1/1/2025 10:00,4:47,5:01,4:41,4:01,5:39,0:00
1/1/2025 11:00,4:34,4:51,4:29,3:59,5:26,0:00
1/1/2025 12:00,4:46,4:52,4:37,3:57,5:42,0:00
1/1/2025 13:00,4:57,5:08,4:43,4:10,5:53,0:00
1/1/2025 14:00,4:42,4:57,4:43,4:02,5:50,0:00
1/1/2025 15:00,4:20,4:30,4:17,3:41,5:13,0:00
1/1/2025 16:00,4:41,4:53,4:33,4:06,5:35,0:00
1/1/2025 17:00,5:08,5:17,4:57,4:17,6:03,0:00
1/1/2025 18:00,4:56,5:03,4:50,4:01,5:44,0:00
1/1/2025 19:00,4:30,4:38,4:23,3:51,5:08,0:00
1/1/2025 20:00,4:15,4:19,4:10,3:50,4:44,0:00
1/1/2025 21:00,4:27,4:32,4:23,4:02,4:57,0:00
1/1/2025 22:00,4:36,4:44,4:32,4:09,5:10,0:00
1/1/2025 23:00,4:37,4:44,4:34,4:07,5:11,0:00
1/2/2025 0:00,4:31,4:38,4:27,4:03,5:03,0:00
