category,10/30/2024    EAST  ,10/30/2024    NORTH  ,10/30/2024    SOUTH  ,10/30/2024    WEST  ,10/31/2024    EAST  ,10/31/2024    NORTH  ,10/31/2024    SOUTH  ,10/31/2024    WEST  ,11/01/2024    EAST  ,11/01/2024    NORTH  ,11/01/2024    SOUTH  ,11/01/2024    WEST  ,11/02/2024    EAST  ,11/02/2024    NORTH  ,11/02/2024    SOUTH  ,11/02/2024    WEST  ,11/03/2024    EAST  ,11/03/2024    NORTH  ,11/03/2024    SOUTH  ,11/03/2024    WEST  ,11/04/2024    EAST  ,11/04/2024    NORTH  ,11/04/2024    SOUTH  ,11/04/2024    WEST  ,11/05/2024    EAST  ,11/05/2024    NORTH  ,11/05/2024    SOUTH  ,11/05/2024    WEST  ,11/06/2024    EAST  ,11/06/2024    NORTH  ,11/06/2024    SOUTH  ,11/06/2024    WEST  ,11/07/2024    EAST  ,11/07/2024    NORTH  ,11/07/2024    SOUTH  ,11/07/2024    WEST  ,11/08/2024    EAST  ,11/08/2024    NORTH  ,11/08/2024    SOUTH  ,11/08/2024    WEST  ,11/09/2024    EAST  ,11/09/2024    NORTH  ,11/09/2024    SOUTH  ,11/09/2024    WEST  ,11/10/2024    EAST  ,11/10/2024    NORTH  ,11/10/2024    SOUTH  ,11/10/2024    WEST  ,11/11/2024    EAST  ,11/11/2024    NORTH  ,11/11/2024    SOUTH  ,11/11/2024    WEST  ,11/12/2024    EAST  ,11/12/2024    NORTH  ,11/12/2024    SOUTH  ,11/12/2024    WEST  ,11/13/2024    EAST  ,11/13/2024    NORTH  ,11/13/2024    SOUTH  ,11/13/2024    WEST  ,11/14/2024    EAST  ,11/14/2024    NORTH  ,11/14/2024    SOUTH  ,11/14/2024    WEST  ,11/15/2024    EAST  ,11/15/2024    NORTH  ,11/15/2024    SOUTH  ,11/15/2024    WEST  ,11/16/2024    EAST  ,11/16/2024    NORTH  ,11/16/2024    SOUTH  ,11/16/2024    WEST  ,11/17/2024    EAST  ,11/17/2024    NORTH  ,11/17/2024    SOUTH  ,11/17/2024    WEST  ,11/18/2024    EAST  ,11/18/2024    NORTH  ,11/18/2024    SOUTH  ,11/18/2024    WEST  ,11/19/2024    EAST  ,11/19/2024    NORTH  ,11/19/2024    SOUTH  ,11/19/2024    WEST  ,11/20/2024    EAST  ,11/20/2024    NORTH  ,11/20/2024    SOUTH  ,11/20/2024    WEST  ,11/21/2024    EAST  ,11/21/2024    NORTH  ,11/21/2024    SOUTH  ,11/21/2024    WEST  ,11/22/2024    EAST  ,11/22/2024    NORTH  ,11/22/2024    SOUTH  ,11/22/2024    WEST  ,11/23/2024    EAST  ,11/23/2024    NORTH  ,11/23/2024    SOUTH  ,11/23/2024    WEST  ,11/24/2024    EAST  ,11/24/2024    NORTH  ,11/24/2024    SOUTH  ,11/24/2024    WEST  ,11/25/2024    EAST  ,11/25/2024    NORTH  ,11/25/2024    SOUTH  ,11/25/2024    WEST  ,11/26/2024    EAST  ,11/26/2024    NORTH  ,11/26/2024    SOUTH  ,11/26/2024    WEST  ,11/27/2024    EAST  ,11/27/2024    NORTH  ,11/27/2024    SOUTH  ,11/27/2024    WEST  ,11/28/2024    EAST  ,11/28/2024    NORTH  ,11/28/2024    SOUTH  ,11/28/2024    WEST  ,11/29/2024    EAST  ,11/29/2024    NORTH  ,11/29/2024    SOUTH  ,11/29/2024    WEST  ,11/30/2024    EAST  ,11/30/2024    NORTH  ,11/30/2024    SOUTH  ,11/30/2024    WEST  ,12/01/2024    EAST  ,12/01/2024    NORTH  ,12/01/2024    SOUTH  ,12/01/2024    WEST  ,12/02/2024    EAST  ,12/02/2024    NORTH  ,12/02/2024    SOUTH  ,12/02/2024    WEST  ,12/03/2024    EAST  ,12/03/2024    NORTH  ,12/03/2024    SOUTH  ,12/03/2024    WEST  ,12/04/2024    EAST  ,12/04/2024    NORTH  ,12/04/2024    SOUTH  ,12/04/2024    WEST  ,12/05/2024    EAST  ,12/05/2024    NORTH  ,12/05/2024    SOUTH  ,12/05/2024    WEST  ,12/06/2024    EAST  ,12/06/2024    NORTH  ,12/06/2024    SOUTH  ,12/06/2024    WEST  ,12/07/2024    EAST  ,12/07/2024    NORTH  ,12/07/2024    SOUTH  ,12/07/2024    WEST  ,12/08/2024    EAST  ,12/08/2024    NORTH  ,12/08/2024    SOUTH  ,12/08/2024    WEST  ,12/09/2024    EAST  ,12/09/2024    NORTH  ,12/09/2024    SOUTH  ,12/09/2024    WEST  ,12/10/2024    EAST  ,12/10/2024    NORTH  ,12/10/2024    SOUTH  ,12/10/2024    WEST  ,12/11/2024    EAST  ,12/11/2024    NORTH  ,12/11/2024    SOUTH  ,12/11/2024    WEST  ,12/12/2024    EAST  ,12/12/2024    NORTH  ,12/12/2024    SOUTH  ,12/12/2024    WEST  ,12/13/2024    EAST  ,12/13/2024    NORTH  ,12/13/2024    SOUTH  ,12/13/2024    WEST  ,12/14/2024    EAST  ,12/14/2024    NORTH  ,12/14/2024    SOUTH  ,12/14/2024    WEST  ,12/15/2024    EAST  ,12/15/2024    NORTH  ,12/15/2024    SOUTH  ,12/15/2024    WEST  ,12/16/2024    EAST  ,12/16/2024    NORTH  ,12/16/2024    SOUTH  ,12/16/2024    WEST  ,12/17/2024    EAST  ,12/17/2024    NORTH  ,12/17/2024    SOUTH  ,12/17/2024    WEST  ,12/18/2024    EAST  ,12/18/2024    NORTH  ,12/18/2024    SOUTH  ,12/18/2024    WEST  ,12/19/2024    EAST  ,12/19/2024    NORTH  ,12/19/2024    SOUTH  ,12/19/2024    WEST  ,12/20/2024    EAST  ,12/20/2024    NORTH  ,12/20/2024    SOUTH  ,12/20/2024    WEST  ,12/21/2024    EAST  ,12/21/2024    NORTH  ,12/21/2024    SOUTH  ,12/21/2024    WEST  ,12/22/2024    EAST  ,12/22/2024    NORTH  ,12/22/2024    SOUTH  ,12/22/2024    WEST  ,12/23/2024    EAST  ,12/23/2024    NORTH  ,12/23/2024    SOUTH  ,12/23/2024    WEST  ,12/24/2024    EAST  ,12/24/2024    NORTH  ,12/24/2024    SOUTH  ,12/24/2024    WEST  ,12/25/2024    EAST  ,12/25/2024    NORTH  ,12/25/2024    SOUTH  ,12/25/2024    WEST  ,12/26/2024    EAST  ,12/26/2024    NORTH  ,12/26/2024    SOUTH  ,12/26/2024    WEST  ,12/27/2024    EAST  ,12/27/2024    NORTH  ,12/27/2024    SOUTH  ,12/27/2024    WEST  ,12/28/2024    EAST  ,12/28/2024    NORTH  ,12/28/2024    SOUTH  ,12/28/2024    WEST  ,12/29/2024    EAST  ,12/29/2024    NORTH  ,12/29/2024    SOUTH  ,12/29/2024    WEST  ,12/30/2024    EAST  ,12/30/2024    NORTH  ,12/30/2024    SOUTH  ,12/30/2024    WEST  ,12/31/2024    EAST  ,12/31/2024    NORTH  ,12/31/2024    SOUTH  ,12/31/2024    WEST  
00:00,0,0,0,0,20,41,85,3,34,46,134,5,35,61,176,1,67,124,223,7,19,34,81,1,23,20,76,1,21,34,75,0,36,30,100,1,13,34,102,1,48,90,199,2,56,79,207,4,23,54,95,6,30,32,82,1,27,41,83,0,24,30,115,1,21,39,112,3,47,66,189,9,52,78,217,7,17,31,73,1,20,26,82,0,17,30,76,1,17,26,102,3,25,30,130,0,41,53,147,6,41,42,180,3,22,61,131,0,25,35,115,3,35,50,132,3,38,65,191,2,41,47,106,4,34,62,177,3,38,61,177,2,18,20,90,1,17,33,71,5,17,38,105,3,20,26,111,0,29,30,104,1,53,56,169,2,59,69,181,5,21,24,101,0,27,15,85,2,22,37,78,3,13,54,80,0,14,49,83,2,31,53,167,0,60,69,199,3,17,34,86,0,12,22,77,1,24,27,109,0,20,33,87,2,19,39,117,3,35,53,157,5,50,53,171,2,25,40,136,1,27,42,143,1,46,116,163,3,25,45,104,3,28,46,128,1,39,47,155,0,24,67,163,6,31,53,115,3,29,28,114,2
01:00,0,0,0,0,16,12,53,1,19,38,73,2,33,36,108,1,74,94,191,2,14,24,46,1,10,15,49,1,10,23,39,0,17,25,34,1,14,28,44,1,25,35,102,5,43,58,106,1,7,40,67,1,14,17,36,0,23,18,37,1,14,17,36,0,17,22,58,1,16,61,119,6,42,53,137,1,15,18,42,2,14,21,37,1,13,15,45,0,15,21,44,0,8,19,54,1,16,45,104,3,24,31,121,2,12,23,63,2,6,23,46,0,9,25,68,0,36,36,97,2,24,23,59,2,30,38,111,3,24,48,108,2,8,31,57,1,9,23,41,0,7,10,50,0,11,11,56,1,10,28,54,0,34,36,116,3,40,32,112,4,11,21,56,1,4,8,54,4,12,22,41,2,13,27,79,1,25,40,63,6,30,37,86,3,28,46,120,2,17,25,53,1,9,19,48,1,14,24,48,2,11,17,50,0,14,17,64,1,19,34,83,2,24,37,98,2,16,37,72,5,18,26,78,2,38,66,171,1,21,25,57,4,14,25,79,4,31,38,85,1,15,36,103,0,17,13,65,0,18,24,69,1
02:00,0,0,0,0,19,19,32,3,28,30,73,3,14,22,60,1,13,41,37,1,16,24,29,2,16,19,35,1,23,16,20,1,19,28,25,2,14,13,37,0,16,19,56,3,21,24,85,2,17,36,41,1,18,27,35,1,19,10,24,0,14,18,35,1,17,17,39,0,18,31,66,1,18,32,75,3,15,24,42,0,13,18,19,3,22,15,27,0,19,30,36,0,18,29,42,0,22,20,93,2,23,15,72,1,12,21,29,3,17,24,29,2,22,21,41,2,20,31,78,0,21,18,50,1,28,34,89,2,23,26,71,1,9,23,35,0,19,25,29,1,22,13,34,1,15,23,29,0,14,20,33,10,17,23,66,1,19,33,70,0,22,23,36,1,11,13,29,1,18,16,32,2,18,23,20,2,17,16,31,0,27,17,77,1,32,27,80,0,12,28,42,2,13,18,33,0,12,21,36,1,17,16,42,0,17,29,40,0,17,24,61,0,18,31,77,0,13,19,40,1,20,29,49,4,33,37,69,0,14,19,24,3,13,27,44,1,26,25,73,1,26,28,69,1,13,21,42,1,9,18,46,2
03:00,0,0,0,0,20,45,34,3,29,52,53,2,15,39,31,2,23,45,43,0,39,57,33,1,27,50,18,2,25,58,26,3,22,71,36,0,32,51,29,2,17,41,36,3,16,50,48,1,52,57,50,5,24,47,27,2,34,46,30,1,28,46,37,3,35,55,33,2,26,55,40,0,20,45,48,2,28,48,39,2,29,51,38,3,21,44,33,1,21,55,21,0,30,47,34,3,18,31,39,3,24,37,53,0,19,62,37,4,26,54,27,3,24,53,34,1,25,34,50,1,17,26,24,1,21,34,41,1,33,30,54,1,33,47,25,3,30,44,20,2,21,43,22,0,29,44,27,1,25,51,43,0,22,24,36,2,27,48,60,3,24,59,37,1,32,36,37,1,27,62,32,2,23,50,31,0,24,49,46,5,26,42,29,1,34,36,46,0,25,50,33,2,33,31,19,3,21,48,26,6,28,46,29,0,17,44,24,1,14,31,41,0,13,26,48,2,28,39,35,3,25,44,33,1,20,26,33,1,18,41,24,5,25,41,28,3,18,41,37,0,12,38,37,1,23,55,26,2,31,36,34,2
04:00,0,0,0,0,66,136,69,4,60,107,67,5,48,59,53,0,31,75,49,3,68,172,75,4,67,149,62,8,55,170,68,7,68,181,79,7,54,139,58,5,44,96,35,3,26,69,44,2,63,134,71,9,61,133,71,11,93,116,68,6,72,122,70,7,62,127,69,0,31,70,74,1,33,59,57,3,55,151,73,7,57,139,66,5,62,130,74,3,56,135,61,6,60,145,67,3,33,105,47,1,24,63,32,2,60,144,59,4,55,131,69,8,65,128,65,7,32,80,43,2,51,81,68,5,40,92,68,1,40,71,59,5,59,125,52,5,59,129,57,6,70,151,48,6,53,145,64,5,44,144,67,6,39,54,62,3,173,271,138,5,54,154,50,9,47,99,66,7,58,146,50,4,62,120,70,6,65,121,57,3,44,54,59,3,40,54,51,1,62,137,56,8,49,117,52,7,62,136,52,9,56,135,60,3,56,128,59,5,41,76,50,4,36,54,45,1,50,121,57,8,46,88,47,4,17,31,33,2,48,96,43,15,43,109,52,3,29,66,44,3,39,53,63,2,54,122,62,6,46,71,53,6
05:00,51,105,54,2,124,290,159,1,121,261,157,14,63,144,100,4,80,178,99,1,134,303,143,9,152,344,189,3,120,334,156,6,134,390,178,25,123,317,159,2,83,158,109,8,65,146,107,3,112,285,136,17,121,323,161,19,154,288,147,10,136,300,148,15,143,272,164,18,97,159,121,9,65,133,108,1,138,257,138,5,137,290,148,6,152,294,142,29,132,285,133,21,121,267,142,20,68,167,101,11,67,86,70,5,146,272,142,20,131,269,137,23,126,289,124,16,55,121,85,9,98,163,108,13,87,152,105,4,73,135,81,13,129,265,116,26,127,298,135,10,130,280,142,21,129,289,146,12,123,266,145,6,84,104,94,6,108,184,197,12,136,230,126,23,132,184,148,5,125,231,125,8,134,291,147,10,123,257,134,5,65,137,106,3,59,115,84,0,125,236,126,20,111,208,121,8,118,258,118,4,129,272,122,17,116,261,147,9,82,144,101,14,46,139,71,6,100,240,118,12,100,225,99,7,45,56,48,2,91,228,103,2,113,243,102,9,58,135,77,4,48,123,88,5,112,223,106,14,117,161,126,15
06:00,217,522,429,16,208,559,445,8,185,519,404,36,138,270,211,15,157,235,274,4,261,577,489,17,285,623,515,14,266,592,514,15,285,587,506,9,279,549,439,9,173,318,237,8,166,236,204,8,240,423,354,11,296,583,509,9,204,642,510,10,294,608,485,8,288,619,466,7,163,325,230,11,122,228,197,7,263,567,448,8,268,548,508,7,260,581,455,11,247,499,473,8,253,612,399,16,144,317,261,10,128,190,203,7,227,562,389,12,243,610,432,15,240,555,431,18,127,262,200,13,201,242,272,11,154,266,232,9,128,201,175,12,246,563,388,20,253,597,434,11,239,610,440,24,217,564,492,18,254,544,524,8,166,221,304,2,143,219,307,10,236,527,445,16,254,472,477,8,234,521,472,6,243,548,402,22,220,573,415,9,152,285,230,5,124,193,188,6,231,540,384,6,239,449,399,7,240,556,393,11,231,558,397,24,210,472,361,24,158,278,194,14,108,228,180,4,201,521,355,10,175,348,287,3,52,93,112,5,166,363,261,7,181,434,334,12,123,239,197,7,105,206,172,7,192,476,305,15,163,336,314,14
07:00,495,1028,907,38,473,1141,834,25,450,1023,783,25,276,542,423,16,269,522,413,36,429,1309,925,129,420,1224,877,31,418,1093,900,63,434,1244,948,41,376,1069,940,27,251,565,510,10,270,412,397,16,298,695,645,32,386,1084,911,33,524,1302,932,33,418,1335,964,29,447,1189,973,15,246,635,510,10,244,428,394,17,405,1216,905,33,393,1195,814,23,418,1291,907,19,430,1147,871,31,464,1324,905,26,275,668,522,19,254,399,324,13,435,1043,739,38,446,1063,748,31,454,1055,750,29,226,488,380,17,268,604,465,16,277,542,452,18,258,445,332,21,419,1341,838,30,431,1187,849,22,451,1331,885,30,446,1194,850,22,435,1205,988,37,281,535,625,25,259,395,444,14,456,1258,971,29,475,1198,819,22,497,1227,982,24,441,1140,866,24,443,1301,862,20,305,583,464,14,264,397,369,12,503,964,800,21,415,1049,793,27,398,1016,771,17,466,1179,816,18,442,1180,818,13,257,533,423,11,200,440,310,15,351,834,650,18,323,632,541,19,107,200,187,18,311,667,518,18,322,789,576,21,275,499,410,16,216,388,296,11,351,868,661,25,355,786,549,17
08:00,515,1236,1160,42,491,1257,1165,46,511,1245,1201,31,312,717,722,21,326,732,579,30,443,1336,1273,450,439,944,1218,48,476,1208,1173,77,465,1156,1201,86,483,1082,1179,35,297,788,776,28,308,680,611,47,316,678,815,45,433,1136,1187,51,539,1157,1286,32,476,1238,1303,29,616,1201,1399,39,311,759,737,35,299,675,661,41,482,1283,1246,47,515,1277,1140,28,505,1326,1276,46,492,1355,1223,39,489,1409,1274,34,320,924,729,23,297,721,601,35,390,1106,932,36,419,1238,1016,49,492,1157,1008,45,228,482,535,42,313,887,766,38,306,784,665,28,285,591,549,34,449,1317,1165,53,482,1258,1155,36,446,1389,1139,31,480,1329,1233,43,478,1231,1334,38,318,802,869,27,299,715,698,28,151,297,346,9,443,1040,1227,36,515,1179,1271,35,451,1321,1198,44,458,1344,1152,34,318,791,671,23,273,604,579,25,475,1268,1169,34,439,1239,1139,30,435,1341,1208,39,495,1455,1248,39,481,1343,1189,34,305,723,640,37,268,616,559,29,374,1064,893,47,361,864,796,41,110,238,316,20,341,732,718,23,407,827,783,27,345,636,680,28,302,566,555,31,372,1011,894,33,329,1017,819,37
09:00,409,973,1001,35,335,788,926,29,382,1024,918,43,387,1010,761,33,318,891,780,42,356,1086,985,1049,393,1112,1116,37,356,971,1005,47,369,763,1092,115,391,982,1059,49,370,976,925,43,322,820,740,33,354,649,931,48,411,1065,1177,48,368,1076,1081,61,369,947,1159,39,445,1000,1162,36,366,937,977,24,334,883,816,118,395,903,993,50,411,1436,1167,44,336,1058,1040,39,377,1149,1057,41,387,918,1130,39,339,1112,947,38,345,992,776,36,388,1065,1078,51,437,1229,1128,67,431,1340,1198,55,250,597,805,27,384,1019,905,41,394,1014,870,51,337,929,627,31,323,1071,1014,44,396,1164,1051,49,316,1028,1032,45,340,957,1047,49,386,1032,1124,36,374,993,1049,49,289,945,772,45,0,0,0,0,356,1095,1191,45,395,1016,1002,35,301,968,1007,34,323,1016,1012,46,344,953,890,35,291,838,676,23,317,963,967,41,331,1270,1083,35,330,922,987,39,353,1006,995,53,332,1042,988,40,330,977,871,32,357,876,664,22,369,1244,993,36,448,1101,980,39,224,400,485,15,413,823,803,37,433,1017,896,39,452,858,832,36,336,813,754,34,401,1072,965,45,399,1117,999,47
10:00,369,913,977,38,359,1093,1030,40,342,1077,1070,53,358,1093,1051,38,352,989,898,121,375,1042,1068,343,340,1064,1125,53,367,818,1118,40,384,735,1117,56,362,1076,1142,53,396,777,1121,35,359,958,907,39,376,937,1029,59,350,1131,1170,58,370,1014,1145,60,416,879,1175,55,458,804,1282,47,396,850,1086,36,370,794,1078,40,395,996,1094,55,362,1050,1114,48,337,1050,1138,61,363,917,1126,44,405,1001,1156,47,400,1150,1058,55,382,1084,962,36,395,1089,1141,58,463,1184,1282,55,489,1267,1368,75,273,519,959,50,476,1127,1089,63,411,1225,1165,56,347,923,908,38,357,1077,1037,51,367,945,1048,46,340,896,1080,59,345,938,1126,58,339,1039,1240,44,346,1025,1285,40,360,1161,997,32,0,0,0,0,345,765,1073,50,358,1038,1075,58,341,878,1199,47,326,1035,1116,45,384,1075,1074,41,370,953,821,37,352,839,1043,40,345,1045,1012,45,313,902,1131,50,333,996,1149,38,364,951,1179,68,337,891,1000,33,375,1019,879,24,424,1209,1202,41,446,1165,1145,36,212,445,634,19,391,912,1032,23,495,1056,1082,46,493,891,956,39,381,856,1019,41,431,997,1328,48,443,1279,1267,44
11:00,352,990,1163,44,329,1025,1180,40,350,1051,1204,51,412,972,1080,36,440,1052,1089,709,351,659,1150,163,354,878,1209,41,363,858,1241,63,349,684,1212,45,402,1005,1310,65,396,727,1204,49,389,1043,1018,35,402,821,1106,61,348,1113,1257,67,335,1071,1351,40,415,966,1342,63,426,1184,1289,46,400,1031,1225,50,390,938,1063,37,382,956,1151,51,374,1184,1207,68,363,1116,1176,57,348,1029,1210,58,383,1187,1282,55,333,877,1128,52,352,1116,996,32,414,1254,1317,55,438,1264,1398,57,431,1226,1480,80,285,589,1017,32,494,1147,1249,57,495,1290,1316,45,356,932,951,50,331,1093,1148,47,383,992,1160,46,318,940,1204,54,369,1076,1263,63,405,997,1290,48,400,1030,1415,35,354,1121,1090,26,0,0,0,0,355,917,1100,48,367,1038,1086,42,344,1125,1092,56,368,1070,1126,55,389,1196,1265,39,336,992,907,21,321,1098,1100,46,333,1047,1158,40,365,1185,1247,42,360,1159,1149,47,352,1134,1220,41,393,1006,1077,44,392,1093,977,22,415,1279,1224,62,466,1256,1261,41,208,416,566,22,381,912,1122,40,533,1200,1195,54,474,1032,1109,38,400,1113,1103,42,427,1311,1243,51,414,1030,1272,62
12:00,364,957,1227,39,369,1040,1203,37,322,916,1169,42,345,1025,1109,30,360,1008,1263,698,348,1024,1399,390,345,1024,1336,39,359,896,1433,111,361,697,1489,57,412,985,1609,68,357,867,1544,27,370,913,1304,23,396,925,1364,61,362,1034,1452,50,359,1089,1515,43,391,1103,1620,44,410,1241,1725,38,407,1087,1635,91,341,865,1329,32,368,900,1490,50,357,1200,1447,50,402,963,1509,73,358,813,1515,43,392,1164,1593,44,378,1140,1488,63,360,999,1360,43,376,1154,1529,49,430,1255,1688,49,411,1190,1839,80,268,513,1202,34,444,1157,1237,62,379,1178,1413,53,343,908,1227,21,352,1051,1390,56,383,963,1305,42,381,995,1490,40,374,881,1488,41,422,1017,1686,57,339,1023,1778,39,269,1037,1339,20,43,124,228,3,326,982,1391,37,374,1004,1241,39,348,872,1406,32,341,944,1435,51,376,955,1519,24,302,923,1145,28,368,1027,1398,40,327,1059,1380,51,363,1016,1505,44,343,1199,1494,37,382,1237,1522,39,355,1113,1290,24,347,1015,1188,28,371,1206,1646,47,412,1023,1459,37,233,413,672,12,418,1004,1452,32,460,1115,1357,52,467,1089,1253,47,403,1112,1387,35,472,985,1630,67,422,1238,1749,53
13:00,400,1012,1284,29,367,772,1436,41,398,927,1462,41,339,1041,1338,22,354,1063,1236,718,358,949,1530,102,387,1090,1518,49,394,672,1565,58,370,850,1550,55,419,1003,1723,42,350,901,1524,28,341,911,1338,29,344,960,1591,40,437,960,1586,52,433,1045,1719,40,412,1097,1828,53,447,1212,1820,46,382,989,1638,83,372,1070,1426,22,389,984,1487,52,390,1152,1583,36,405,1071,1600,58,372,898,1575,46,438,1060,1667,44,363,1045,1555,31,322,962,1396,44,369,928,1746,51,419,1054,1690,54,434,1007,1920,76,286,626,1102,28,415,1087,1461,54,371,1217,1620,39,326,1002,1262,36,386,972,1533,72,392,1056,1507,48,395,1012,1522,44,369,952,1552,59,383,993,1753,42,387,1046,1746,47,322,989,1418,33,394,1058,1458,70,365,843,1507,31,435,1090,1385,36,366,1088,1528,45,354,1050,1677,45,362,1098,1504,37,317,797,1255,32,352,1065,1536,39,345,1124,1519,39,387,1065,1577,43,347,1172,1688,44,383,984,1757,50,391,1070,1429,20,378,982,1196,33,417,1192,1706,56,363,967,1704,37,237,551,792,10,397,852,1580,37,425,1068,1516,42,391,916,1431,39,359,957,1413,32,389,1164,1775,56,407,1079,1923,53
14:00,393,991,1682,48,411,1060,1718,36,389,929,1924,52,332,898,1541,26,386,1058,1157,917,390,956,1647,98,375,1154,1576,53,374,1014,1540,46,385,1085,1637,50,372,970,1672,43,374,864,1516,22,326,915,1263,30,405,794,1563,33,394,1235,1677,61,396,1207,1662,53,418,931,1664,67,430,1156,1911,164,376,952,1545,73,354,948,1262,51,401,1151,1622,51,384,1291,1679,51,421,1108,1637,45,372,942,1701,43,437,1109,1899,66,386,968,1452,20,340,885,1253,59,452,1098,1638,60,466,1081,1695,56,448,1103,1893,99,276,435,1087,40,406,1010,1628,54,385,1126,1437,44,281,694,1137,23,397,897,1597,49,403,1074,1681,55,347,1084,1700,61,406,1141,1683,63,401,1104,1865,54,369,1130,1558,55,316,785,1189,23,384,835,1565,96,385,830,1649,47,407,1069,1559,29,425,1173,1613,58,546,1118,1786,48,384,907,1421,37,299,917,1136,14,403,1102,1707,56,358,1169,1602,42,371,1081,1594,39,400,1115,1668,51,432,888,1758,55,301,991,1419,36,359,881,1211,19,419,1092,1651,45,324,977,1545,34,246,415,849,20,386,1002,1643,46,406,993,1648,53,379,956,1561,28,357,875,1319,28,452,961,1809,62,421,1002,1881,45
15:00,423,1107,1687,43,446,1137,1762,45,490,1247,1789,56,338,715,1273,27,267,868,1053,1089,439,1119,1583,71,509,1091,1683,54,360,1032,1636,120,427,1163,1624,75,411,1122,1759,74,347,839,1340,51,316,745,1164,42,432,790,1473,49,528,1102,1690,82,436,1110,1590,65,489,1171,1732,74,458,1234,1722,355,402,897,1285,98,320,915,1135,71,481,1196,1642,90,488,1202,1650,99,476,927,1687,100,542,1051,1704,125,513,1191,1721,110,391,942,1477,55,391,823,1248,148,475,1068,1893,53,481,1166,1821,51,476,1112,1870,157,262,498,930,71,472,1011,1616,33,403,1034,1414,44,316,850,1127,47,522,835,1642,134,513,1171,1739,68,471,1170,1609,121,512,1296,1760,129,486,1266,1656,143,378,1070,1445,93,353,804,1094,58,493,1132,1543,278,437,1000,1666,140,441,1174,1627,41,482,1274,1639,69,473,1253,1642,105,359,928,1297,79,305,792,1038,74,463,1163,1607,109,429,1144,1578,114,442,1157,1670,120,482,1270,1562,131,492,1179,1684,103,333,870,1341,81,352,821,1198,20,408,1181,1646,94,397,795,1432,90,256,323,764,24,386,804,1488,86,498,1105,1784,58,392,963,1438,65,325,923,1269,83,463,1090,1752,121,419,1024,1677,95
16:00,363,859,1614,36,396,945,1756,36,379,976,1742,49,311,813,1242,126,290,711,1007,181,363,886,1651,31,380,879,1893,21,372,933,1726,43,411,990,1791,31,421,999,1887,35,384,845,1373,43,303,779,1126,32,381,732,1418,34,446,987,1832,34,455,903,1864,43,416,964,1830,34,462,1175,1665,105,354,1026,1377,85,346,850,1059,35,419,967,1763,37,400,983,1839,38,413,781,1785,45,442,916,1865,37,451,1074,1884,56,383,854,1426,34,369,801,1213,21,453,892,1753,38,456,1050,1835,43,459,1040,1873,66,275,488,830,22,438,874,1595,54,393,1009,1332,38,297,768,1238,27,411,754,1752,43,429,966,1713,29,429,1025,1848,39,425,1001,1804,38,451,1006,2041,40,398,1074,1450,29,347,865,1137,36,412,931,1774,32,421,976,1756,38,370,1000,1840,41,411,1047,1877,37,423,1020,1776,33,377,1025,1344,34,335,800,1087,16,378,979,1693,24,422,942,1768,27,405,1003,1736,43,435,945,1717,28,417,1123,1703,33,368,916,1346,35,308,796,1251,34,445,1038,1659,32,381,858,1324,26,264,428,749,19,431,836,1568,26,479,1031,1796,35,376,939,1472,36,402,777,1265,53,434,736,1749,33,432,995,1509,46
17:00,375,972,1793,38,425,1010,1649,43,432,982,1726,36,333,725,1183,41,207,605,1010,58,292,762,1679,32,265,919,1651,33,292,946,1604,39,341,899,1654,30,345,947,1687,47,241,801,1207,28,239,671,1114,36,262,759,1399,37,392,899,1629,54,334,895,1690,33,360,956,1677,36,304,940,1615,107,322,758,1143,44,239,764,1022,31,325,781,1603,25,340,862,1657,57,355,948,1556,47,347,876,1626,65,334,940,1554,41,285,497,1179,41,245,635,1015,46,348,821,1617,33,342,896,1693,59,339,887,1312,88,202,346,720,17,288,793,1334,36,273,828,1159,33,225,613,1018,34,256,809,1582,35,300,870,1460,40,304,846,1522,62,342,960,1610,53,374,726,1664,56,273,872,1186,53,237,674,1065,39,292,587,1522,36,314,861,1597,26,303,860,1496,36,285,855,1567,31,299,946,1400,47,258,873,1191,41,207,624,1000,21,273,552,1616,37,281,871,1580,39,292,918,1584,39,315,896,1595,31,318,899,1472,24,250,762,1134,42,256,724,1121,22,291,886,1569,52,243,657,1220,28,166,423,659,19,317,778,1491,31,339,858,1558,39,357,858,1265,55,305,805,1272,43,349,598,1681,47,265,733,1321,37
18:00,247,670,1190,28,289,681,1123,25,239,710,1102,70,184,654,934,44,175,493,715,47,185,564,1040,46,179,694,961,48,184,716,1019,52,220,698,1042,55,247,846,1091,72,217,669,850,64,188,506,814,74,183,561,911,53,252,610,1026,59,235,660,1060,53,197,673,1048,50,200,672,1066,52,214,621,909,61,172,492,749,44,253,544,1028,47,202,545,1000,58,209,662,1060,62,206,601,1029,49,218,698,1107,99,228,379,941,57,203,490,806,60,189,610,1021,51,270,739,1176,72,255,712,1162,73,153,318,586,41,245,669,1035,63,207,700,909,73,307,470,796,55,205,562,964,42,190,649,995,48,211,641,1033,44,268,697,1101,66,225,500,1147,63,209,617,862,48,191,565,836,52,178,388,1011,30,192,574,935,53,199,649,962,50,208,658,988,75,208,705,1022,47,180,641,861,44,153,472,771,42,189,373,912,40,192,663,988,57,224,676,1047,51,225,724,1002,61,221,736,991,69,202,557,916,46,191,535,900,47,242,744,1135,47,209,558,975,50,167,423,574,76,188,710,999,60,250,711,1060,52,246,644,1001,67,216,655,906,62,262,468,1200,89,220,612,1049,75
19:00,139,467,788,11,163,444,786,14,172,464,901,36,161,575,725,36,160,344,597,28,138,436,712,19,148,479,722,35,138,499,801,32,134,512,855,32,174,629,898,30,163,553,749,27,159,387,666,53,133,479,695,29,207,438,800,27,144,570,780,36,135,472,820,34,145,451,776,34,156,493,767,40,127,390,613,30,143,451,674,29,117,438,795,26,113,396,787,28,133,473,797,26,165,544,897,57,153,300,788,19,163,430,702,34,166,464,827,39,195,524,930,53,181,564,935,58,167,320,602,39,175,516,885,44,164,480,733,53,203,395,645,42,124,366,740,25,124,441,762,23,142,412,774,33,150,504,850,31,196,394,971,38,166,484,760,38,163,360,733,35,143,249,739,18,143,412,743,27,144,415,755,34,130,392,742,22,186,497,890,43,150,432,778,38,143,383,633,27,139,283,702,26,139,525,803,29,160,458,792,33,136,471,823,22,177,523,870,62,140,469,733,28,152,409,740,27,177,503,950,31,139,427,757,24,160,359,494,65,168,468,807,22,165,561,894,37,170,544,817,30,188,475,822,34,202,328,921,52,144,504,730,55
20:00,132,342,654,3,167,429,836,6,169,355,739,30,133,501,625,22,143,286,472,20,117,282,580,17,111,340,593,12,128,363,679,18,125,354,745,25,138,417,781,22,140,468,701,18,137,322,570,43,118,379,568,24,169,358,670,20,125,402,646,25,143,382,715,22,132,319,678,23,143,374,668,20,125,284,503,19,137,348,611,24,123,375,727,16,127,344,649,28,112,335,712,26,146,396,780,43,142,259,720,25,130,351,604,28,133,340,735,45,168,411,842,34,171,438,881,25,187,333,575,53,177,428,791,50,137,461,721,27,175,337,522,31,121,276,595,19,105,317,696,23,176,338,724,29,131,314,814,23,163,354,806,53,131,401,632,19,132,344,625,17,107,197,624,23,113,343,707,13,136,326,674,18,152,306,666,18,157,404,793,24,147,381,759,22,121,288,581,24,120,190,608,12,123,308,666,21,161,388,740,22,128,344,763,29,141,367,728,28,115,399,698,30,171,335,686,21,184,418,788,25,164,318,663,26,122,302,444,50,138,378,794,23,151,408,749,32,138,399,796,44,154,411,686,33,186,274,765,21,170,396,705,38
21:00,125,378,563,18,162,362,687,24,171,350,692,24,121,495,591,12,116,247,368,10,76,311,465,13,112,299,440,13,103,288,499,19,106,311,633,14,130,433,686,18,166,443,586,13,131,298,525,24,102,304,460,12,146,297,458,15,131,278,527,16,123,295,652,17,137,354,614,17,129,337,612,19,129,256,441,15,116,268,455,20,117,321,515,22,125,353,592,15,141,343,630,26,141,351,730,18,152,237,612,27,109,292,461,20,140,289,601,26,149,338,724,18,204,377,761,20,179,249,486,22,172,394,739,33,150,363,685,29,107,237,398,10,89,253,444,10,109,266,534,7,114,261,573,10,120,310,647,15,161,276,676,26,142,420,691,18,106,258,496,9,103,169,475,14,102,292,539,14,92,254,602,17,109,270,656,15,127,371,713,18,135,393,720,27,90,232,406,12,106,159,457,12,111,293,539,9,111,248,658,16,121,310,669,14,150,328,686,23,149,330,661,16,176,286,663,26,123,351,705,21,150,296,558,20,155,269,421,53,130,367,684,18,146,358,681,21,157,388,725,23,115,295,600,19,157,202,665,23,142,363,554,44
22:00,106,144,405,13,98,174,417,14,117,241,546,16,128,328,466,19,79,153,257,7,59,119,189,5,76,162,284,7,69,158,313,10,60,175,357,9,116,312,535,20,149,290,473,12,97,197,306,13,70,144,259,6,112,177,292,12,89,196,389,9,87,171,412,7,150,284,519,27,119,290,477,22,74,126,228,6,72,141,245,2,79,141,290,7,77,140,432,4,83,182,375,14,103,259,617,19,113,203,457,15,83,172,355,10,104,159,372,12,125,247,521,17,132,258,474,11,139,157,348,17,123,315,523,25,111,252,519,15,75,117,331,2,74,134,261,10,67,154,369,2,73,139,337,4,90,167,480,15,112,202,497,18,159,268,483,16,67,116,297,8,62,90,287,8,64,148,324,11,92,131,382,4,60,162,437,8,128,254,499,12,117,234,507,15,62,137,316,6,73,94,310,2,63,149,313,9,98,155,396,10,77,164,420,9,95,248,559,14,116,258,468,20,125,190,351,12,83,217,464,12,112,206,380,7,75,175,297,22,99,208,427,19,99,280,433,17,124,263,472,15,113,213,335,14,99,161,420,12,120,312,450,36
23:00,44,66,164,5,55,79,223,3,73,122,324,6,94,184,372,11,53,76,167,5,51,57,138,5,47,78,170,4,47,82,183,8,58,85,181,1,75,129,315,11,82,176,318,11,70,100,201,9,61,65,184,5,69,58,143,4,46,79,226,2,51,82,213,2,83,132,299,9,99,167,360,13,59,48,156,5,30,58,126,5,52,63,154,3,41,69,151,3,37,85,196,4,63,131,265,18,94,94,293,7,63,83,258,2,55,82,200,9,63,79,258,3,65,117,308,4,98,100,276,10,70,138,312,9,83,136,244,11,40,61,165,2,55,53,147,6,41,46,176,6,45,69,191,2,53,76,243,4,88,109,324,8,84,148,324,10,34,64,159,2,43,40,177,2,36,53,155,3,54,85,184,3,52,66,232,6,70,107,321,6,85,131,307,9,56,59,181,2,40,31,177,3,44,62,169,7,38,61,212,4,52,69,220,1,56,99,295,8,68,125,300,12,47,72,217,4,52,100,243,6,118,165,227,8,54,100,158,15,85,85,237,9,77,111,300,2,70,111,269,5,55,91,216,7,60,69,238,7,96,171,319,16